{"Mean":{"confidence_interval":{"confidence_level":0.95,"lower_bound":1538249.108629913,"upper_bound":1593351.3898883252},"point_estimate":1563278.2636041027,"standard_error":14162.6867646808},"Median":{"confidence_interval":{"confidence_level":0.95,"lower_bound":1520835.3,"upper_bound":1527605.2857142857},"point_estimate":1524707.469470046,"standard_error":1484.99966359192},"MedianAbsDev":{"confidence_interval":{"confidence_level":0.95,"lower_bound":8214.173498930619,"upper_bound":14227.756265925096},"point_estimate":10738.175444110946,"standard_error":1506.941619770128},"Slope":{"confidence_interval":{"confidence_level":0.95,"lower_bound":1539404.1903873445,"upper_bound":1609651.1371160115},"point_estimate":1570592.05846313,"standard_error":18036.066668491458},"StdDev":{"confidence_interval":{"confidence_level":0.95,"lower_bound":74897.1735766436,"upper_bound":190399.7480720678},"point_estimate":142025.7500655979,"standard_error":29226.65749579629}}