{"Mean":{"confidence_interval":{"confidence_level":0.95,"lower_bound":1598825.6677117008,"upper_bound":1618631.4731249576},"point_estimate":1606230.593568793,"standard_error":5337.373522911534},"Median":{"confidence_interval":{"confidence_level":0.95,"lower_bound":1596863.1889204546,"upper_bound":1598809.275},"point_estimate":1597719.731255449,"standard_error":560.3634097629443},"MedianAbsDev":{"confidence_interval":{"confidence_level":0.95,"lower_bound":3087.906616791444,"upper_bound":5351.0564171423175},"point_estimate":3887.0134504788257,"standard_error":589.7947847689943},"Slope":{"confidence_interval":{"confidence_level":0.95,"lower_bound":1597553.589979275,"upper_bound":1601666.4829905576},"point_estimate":1599415.3845249002,"standard_error":1054.355498218352},"StdDev":{"confidence_interval":{"confidence_level":0.95,"lower_bound":6933.593406053574,"upper_bound":89915.25716629432},"point_estimate":53751.755156607054,"standard_error":25976.437607505595}}