{"Mean":{"confidence_interval":{"confidence_level":0.95,"lower_bound":1586863.0890088037,"upper_bound":1605263.725157674},"point_estimate":1594145.6903528643,"standard_error":4871.272561326543},"Median":{"confidence_interval":{"confidence_level":0.95,"lower_bound":1584624.0947676944,"upper_bound":1586326.4285714286},"point_estimate":1585555.9289387565,"standard_error":460.07193180102854},"MedianAbsDev":{"confidence_interval":{"confidence_level":0.95,"lower_bound":3042.2487651871047,"upper_bound":5438.327998588314},"point_estimate":4229.311596542098,"standard_error":608.6537320757964},"Slope":{"confidence_interval":{"confidence_level":0.95,"lower_bound":1586478.0092477538,"upper_bound":1592216.7923999543},"point_estimate":1589093.4347598641,"standard_error":1473.683123781453},"StdDev":{"confidence_interval":{"confidence_level":0.95,"lower_bound":8539.688904564375,"upper_bound":80691.00110397479},"point_estimate":49164.08700852131,"standard_error":21292.56792664761}}