{"Mean":{"confidence_interval":{"confidence_level":0.95,"lower_bound":1605166.3056330823,"upper_bound":1641451.775562344},"point_estimate":1617895.4851120887,"standard_error":10896.714217891235},"Median":{"confidence_interval":{"confidence_level":0.95,"lower_bound":1602819.082191781,"upper_bound":1605110.4451219512},"point_estimate":1603952.8057753164,"standard_error":516.6762863645264},"MedianAbsDev":{"confidence_interval":{"confidence_level":0.95,"lower_bound":3739.8763597772804,"upper_bound":6729.354963420031},"point_estimate":5290.07111783485,"standard_error":743.0559498795188},"Slope":{"confidence_interval":{"confidence_level":0.95,"lower_bound":1603874.298091056,"upper_bound":1606536.6721299351},"point_estimate":1605121.0822727943,"standard_error":679.3757106452372},"StdDev":{"confidence_interval":{"confidence_level":0.95,"lower_bound":6781.153810875489,"upper_bound":186056.67197823388},"point_estimate":109005.03868610822,"standard_error":62401.601612420265}}