{"Mean":{"confidence_interval":{"confidence_level":0.95,"lower_bound":1612252.7044667925,"upper_bound":1630451.6578212683},"point_estimate":1619244.6099868927,"standard_error":4854.375599619199},"Median":{"confidence_interval":{"confidence_level":0.95,"lower_bound":1609195.7882352942,"upper_bound":1610771.2},"point_estimate":1609833.1463414636,"standard_error":380.55922114387107},"MedianAbsDev":{"confidence_interval":{"confidence_level":0.95,"lower_bound":3548.9569044663676,"upper_bound":7241.03368824482},"point_estimate":5596.643978264103,"standard_error":920.6123581565132},"Slope":{"confidence_interval":{"confidence_level":0.95,"lower_bound":1612267.0051693527,"upper_bound":1620213.5311846912},"point_estimate":1615943.5159450273,"standard_error":2034.4415725003587},"StdDev":{"confidence_interval":{"confidence_level":0.95,"lower_bound":11090.768107170961,"upper_bound":80545.5439306381},"point_estimate":48699.55500255451,"standard_error":22250.193560716914}}