{"Mean":{"confidence_interval":{"confidence_level":0.95,"lower_bound":1537786.6528108912,"upper_bound":1588339.9997211571},"point_estimate":1555673.1161452874,"standard_error":15175.689599303745},"Median":{"confidence_interval":{"confidence_level":0.95,"lower_bound":1533469.3592616303,"upper_bound":1536399.005},"point_estimate":1534960.3804945054,"standard_error":850.1118394054788},"MedianAbsDev":{"confidence_interval":{"confidence_level":0.95,"lower_bound":5141.809887476376,"upper_bound":9689.886437704468},"point_estimate":7330.875651246285,"standard_error":1156.7257690069187},"Slope":{"confidence_interval":{"confidence_level":0.95,"lower_bound":1533390.1645263322,"upper_bound":1537478.4599787244},"point_estimate":1535185.4834963796,"standard_error":1046.428747082149},"StdDev":{"confidence_interval":{"confidence_level":0.95,"lower_bound":11973.29006176149,"upper_bound":260756.60004488166},"point_estimate":152754.79737421026,"standard_error":87249.55090738201}}