{"Mean":{"confidence_interval":{"confidence_level":0.95,"lower_bound":1602517.504226605,"upper_bound":1636255.1292437012},"point_estimate":1615032.7340912553,"standard_error":9300.05266040929},"Median":{"confidence_interval":{"confidence_level":0.95,"lower_bound":1599123.0,"upper_bound":1601957.5195454545},"point_estimate":1600545.5534883721,"standard_error":781.7214501669729},"MedianAbsDev":{"confidence_interval":{"confidence_level":0.95,"lower_bound":3893.143867246669,"upper_bound":7337.803755104703},"point_estimate":5895.439136118815,"standard_error":911.9539208869296},"Slope":{"confidence_interval":{"confidence_level":0.95,"lower_bound":1600738.9251784936,"upper_bound":1604284.2182201552},"point_estimate":1602405.7094074183,"standard_error":903.9357191446954},"StdDev":{"confidence_interval":{"confidence_level":0.95,"lower_bound":8689.55716087249,"upper_bound":157678.72678364965},"point_estimate":93739.1664506937,"standard_error":47086.24419606473}}