{"Mean":{"confidence_interval":{"confidence_level":0.95,"lower_bound":1605910.4292937773,"upper_bound":1635467.0268034458},"point_estimate":1616167.613589752,"standard_error":9182.86560696605},"Median":{"confidence_interval":{"confidence_level":0.95,"lower_bound":1604705.284059314,"upper_bound":1606262.75},"point_estimate":1605370.4269841271,"standard_error":363.76776357034623},"MedianAbsDev":{"confidence_interval":{"confidence_level":0.95,"lower_bound":2112.376622545101,"upper_bound":3542.222360606539},"point_estimate":2778.7440546632424,"standard_error":356.73820513908026},"Slope":{"confidence_interval":{"confidence_level":0.95,"lower_bound":1605877.5548795846,"upper_bound":1608847.1599899705},"point_estimate":1607220.515339146,"standard_error":764.4854510563777},"StdDev":{"confidence_interval":{"confidence_level":0.95,"lower_bound":4634.052104836914,"upper_bound":157989.12728413346},"point_estimate":92305.61485144144,"standard_error":54612.42108464148}}