{"Mean":{"confidence_interval":{"confidence_level":0.95,"lower_bound":1596469.7555974752,"upper_bound":1614133.8047716958},"point_estimate":1602908.5869210968,"standard_error":5089.32270561792},"Median":{"confidence_interval":{"confidence_level":0.95,"lower_bound":1594587.7213598902,"upper_bound":1596950.5901639345},"point_estimate":1595674.9125484498,"standard_error":537.8778539317498},"MedianAbsDev":{"confidence_interval":{"confidence_level":0.95,"lower_bound":3445.4797036937357,"upper_bound":5894.172992919081},"point_estimate":4790.813910944427,"standard_error":655.196483380861},"Slope":{"confidence_interval":{"confidence_level":0.95,"lower_bound":1596007.4782530253,"upper_bound":1599884.7354141967},"point_estimate":1597815.926230235,"standard_error":995.8842218250752},"StdDev":{"confidence_interval":{"confidence_level":0.95,"lower_bound":6647.877306514671,"upper_bound":87218.34862113497},"point_estimate":51428.23062520756,"standard_error":27698.15453060605}}