{"Mean":{"confidence_interval":{"confidence_level":0.95,"lower_bound":1379409.5034743927,"upper_bound":1524728.511105298},"point_estimate":1428573.3599553246,"standard_error":47162.3825731014},"Median":{"confidence_interval":{"confidence_level":0.95,"lower_bound":1375094.564102564,"upper_bound":1381549.0611111112},"point_estimate":1378864.5027027028,"standard_error":1770.0926904624268},"MedianAbsDev":{"confidence_interval":{"confidence_level":0.95,"lower_bound":7236.140422494282,"upper_bound":11394.820961146856},"point_estimate":8875.214348304024,"standard_error":1099.503804489272},"Slope":{"confidence_interval":{"confidence_level":0.95,"lower_bound":1381173.3811118195,"upper_bound":1388497.9673829156},"point_estimate":1384646.4768169057,"standard_error":1873.0409732819767},"StdDev":{"confidence_interval":{"confidence_level":0.95,"lower_bound":10639.9927707708,"upper_bound":810540.5252271552},"point_estimate":472741.8220904319,"standard_error":291351.69908747065}}