{"Mean":{"confidence_interval":{"confidence_level":0.95,"lower_bound":1632291.325300479,"upper_bound":1653674.699561276},"point_estimate":1641487.233033175,"standard_error":5511.25790551587},"Median":{"confidence_interval":{"confidence_level":0.95,"lower_bound":1624561.4134756995,"upper_bound":1635674.9708911777},"point_estimate":1629615.5,"standard_error":2673.493478877414},"MedianAbsDev":{"confidence_interval":{"confidence_level":0.95,"lower_bound":17724.309050371292,"upper_bound":29495.9808593482},"point_estimate":22199.900918565163,"standard_error":3034.639321530861},"Slope":{"confidence_interval":{"confidence_level":0.95,"lower_bound":1625087.8697534036,"upper_bound":1640221.1348217207},"point_estimate":1632195.5386315945,"standard_error":3861.015952168497},"StdDev":{"confidence_interval":{"confidence_level":0.95,"lower_bound":26830.581699527567,"upper_bound":84715.84183645791},"point_estimate":55392.07268539513,"standard_error":17640.67725847771}}