{"Mean":{"confidence_interval":{"confidence_level":0.95,"lower_bound":1340328.7797189725,"upper_bound":1359084.1952906742},"point_estimate":1348147.5764237877,"standard_error":4883.865314914787},"Median":{"confidence_interval":{"confidence_level":0.95,"lower_bound":1335998.5689655172,"upper_bound":1339851.6874747474},"point_estimate":1338023.1916347733,"standard_error":946.2654623705616},"MedianAbsDev":{"confidence_interval":{"confidence_level":0.95,"lower_bound":5080.331078806085,"upper_bound":9724.327119192492},"point_estimate":7302.754785287223,"standard_error":1199.440320752345},"Slope":{"confidence_interval":{"confidence_level":0.95,"lower_bound":1338557.1602222372,"upper_bound":1342434.7386689133},"point_estimate":1340370.3835909562,"standard_error":988.1919387318537},"StdDev":{"confidence_interval":{"confidence_level":0.95,"lower_bound":10108.72647396171,"upper_bound":78301.70750629036},"point_estimate":49065.34981259931,"standard_error":18041.06854874865}}