{"Mean":{"confidence_interval":{"confidence_level":0.95,"lower_bound":1519774.28832061,"upper_bound":1597444.9006445345},"point_estimate":1551169.4390489059,"standard_error":21105.193940982917},"Median":{"confidence_interval":{"confidence_level":0.95,"lower_bound":1515437.9787037037,"upper_bound":1521818.777238001},"point_estimate":1517782.249110045,"standard_error":1793.9418727537052},"MedianAbsDev":{"confidence_interval":{"confidence_level":0.95,"lower_bound":8199.479472787047,"upper_bound":12850.912746052478},"point_estimate":10484.771312410827,"standard_error":1269.885372428274},"Slope":{"confidence_interval":{"confidence_level":0.95,"lower_bound":1519560.6669025854,"upper_bound":1526903.5754972834},"point_estimate":1522965.9428875425,"standard_error":1883.9695466031628},"StdDev":{"confidence_interval":{"confidence_level":0.95,"lower_bound":11893.234256521137,"upper_bound":333641.2500687966},"point_estimate":212910.42233727349,"standard_error":88096.9178496468}}