{"Mean":{"confidence_interval":{"confidence_level":0.95,"lower_bound":1339296.768039349,"upper_bound":1355392.0223506857},"point_estimate":1345513.9753304217,"standard_error":4310.12667080981},"Median":{"confidence_interval":{"confidence_level":0.95,"lower_bound":1337670.6520833333,"upper_bound":1340464.5102040817},"point_estimate":1339343.514059514,"standard_error":676.6169896466369},"MedianAbsDev":{"confidence_interval":{"confidence_level":0.95,"lower_bound":5323.212203488499,"upper_bound":8046.173654977808},"point_estimate":7114.163925761606,"standard_error":722.9955848879898},"Slope":{"confidence_interval":{"confidence_level":0.95,"lower_bound":1337432.100978514,"upper_bound":1340526.5202159025},"point_estimate":1338898.453961874,"standard_error":790.5561582869559},"StdDev":{"confidence_interval":{"confidence_level":0.95,"lower_bound":6737.030618200161,"upper_bound":72341.84010674554},"point_estimate":43615.207566208774,"standard_error":19979.027749702866}}