{"Mean":{"confidence_interval":{"confidence_level":0.95,"lower_bound":1469122.5524901666,"upper_bound":1496678.4294290587},"point_estimate":1479822.6851602264,"standard_error":7300.0400125192455},"Median":{"confidence_interval":{"confidence_level":0.95,"lower_bound":1462129.1794354839,"upper_bound":1469786.1927083335},"point_estimate":1466191.7394736842,"standard_error":2111.2217587372256},"MedianAbsDev":{"confidence_interval":{"confidence_level":0.95,"lower_bound":8636.90653734767,"upper_bound":15354.881442547738},"point_estimate":12308.540606982126,"standard_error":1811.8868019071558},"Slope":{"confidence_interval":{"confidence_level":0.95,"lower_bound":1463759.4684162268,"upper_bound":1468212.7724772717},"point_estimate":1465977.7541303383,"standard_error":1133.7641868835751},"StdDev":{"confidence_interval":{"confidence_level":0.95,"lower_bound":18888.991821709624,"upper_bound":120739.83410152856},"point_estimate":73357.9554656606,"standard_error":32698.038319042575}}