{"Mean":{"confidence_interval":{"confidence_level":0.95,"lower_bound":1592209.6441328165,"upper_bound":1620371.1849873075},"point_estimate":1602229.6129046325,"standard_error":8247.521356357163},"Median":{"confidence_interval":{"confidence_level":0.95,"lower_bound":1590506.076923077,"upper_bound":1593980.3932771888},"point_estimate":1592271.1660731244,"standard_error":998.9083793498727},"MedianAbsDev":{"confidence_interval":{"confidence_level":0.95,"lower_bound":4917.7283724353865,"upper_bound":7530.566935956096},"point_estimate":6174.45968039558,"standard_error":658.4242897330403},"Slope":{"confidence_interval":{"confidence_level":0.95,"lower_bound":1593617.0522598273,"upper_bound":1595815.8119088397},"point_estimate":1594694.995031772,"standard_error":559.3573208735945},"StdDev":{"confidence_interval":{"confidence_level":0.95,"lower_bound":5976.938003308977,"upper_bound":140588.86785766215},"point_estimate":82567.32700047089,"standard_error":45889.41589396719}}