{"Mean":{"confidence_interval":{"confidence_level":0.95,"lower_bound":1458639.345372061,"upper_bound":1477234.3951496652},"point_estimate":1465583.209009771,"standard_error":5021.617493369523},"Median":{"confidence_interval":{"confidence_level":0.95,"lower_bound":1456525.8,"upper_bound":1460084.3894736841},"point_estimate":1458021.9094827585,"standard_error":976.5508868582073},"MedianAbsDev":{"confidence_interval":{"confidence_level":0.95,"lower_bound":5817.75724014853,"upper_bound":9467.78929857972},"point_estimate":7668.0065318607285,"standard_error":937.5080678284512},"Slope":{"confidence_interval":{"confidence_level":0.95,"lower_bound":1456439.9252409304,"upper_bound":1459890.693600391},"point_estimate":1458139.4355401213,"standard_error":879.9793780980045},"StdDev":{"confidence_interval":{"confidence_level":0.95,"lower_bound":6890.2542948581295,"upper_bound":84392.0406432189},"point_estimate":50422.66854072219,"standard_error":24416.437109612012}}