{"Mean":{"confidence_interval":{"confidence_level":0.95,"lower_bound":1616057.3354073921,"upper_bound":1652842.3404531213},"point_estimate":1628951.38233599,"standard_error":11216.437230275178},"Median":{"confidence_interval":{"confidence_level":0.95,"lower_bound":1613036.8363095238,"upper_bound":1616700.6763618262},"point_estimate":1614749.9219387756,"standard_error":993.848428982659},"MedianAbsDev":{"confidence_interval":{"confidence_level":0.95,"lower_bound":4620.155438416999,"upper_bound":8341.036588935589},"point_estimate":6359.722578080054,"standard_error":940.8568087975826},"Slope":{"confidence_interval":{"confidence_level":0.95,"lower_bound":1614021.6988401504,"upper_bound":1617093.859125929},"point_estimate":1615417.3383389981,"standard_error":785.7255976015257},"StdDev":{"confidence_interval":{"confidence_level":0.95,"lower_bound":8775.49098363471,"upper_bound":192742.45890633523},"point_estimate":112740.04164523492,"standard_error":65348.320054434014}}