{"Mean":{"confidence_interval":{"confidence_level":0.95,"lower_bound":1623202.5289179657,"upper_bound":1648424.9232762551},"point_estimate":1633339.522092998,"standard_error":6605.313590232481},"Median":{"confidence_interval":{"confidence_level":0.95,"lower_bound":1614098.0326086956,"upper_bound":1621899.693607306},"point_estimate":1618794.7421875,"standard_error":1914.517186416405},"MedianAbsDev":{"confidence_interval":{"confidence_level":0.95,"lower_bound":9944.47164620195,"upper_bound":19839.95013359757},"point_estimate":14278.718143689723,"standard_error":2674.98803265953},"Slope":{"confidence_interval":{"confidence_level":0.95,"lower_bound":1622915.7912101333,"upper_bound":1631828.9904754425},"point_estimate":1627276.557644451,"standard_error":2270.6472673705534},"StdDev":{"confidence_interval":{"confidence_level":0.95,"lower_bound":18927.30257844684,"upper_bound":107001.1099976885},"point_estimate":66081.62730148349,"standard_error":26493.351501661917}}