{"Mean":{"confidence_interval":{"confidence_level":0.95,"lower_bound":1391808.8734340381,"upper_bound":1400471.356377342},"point_estimate":1395351.5403690827,"standard_error":2252.9628543634576},"Median":{"confidence_interval":{"confidence_level":0.95,"lower_bound":1389854.4177631577,"upper_bound":1391753.046226415},"point_estimate":1390861.1884740847,"standard_error":520.1319207912029},"MedianAbsDev":{"confidence_interval":{"confidence_level":0.95,"lower_bound":2650.450610339634,"upper_bound":4995.838059306232},"point_estimate":3805.212122658442,"standard_error":623.0242468853716},"Slope":{"confidence_interval":{"confidence_level":0.95,"lower_bound":1391439.7494976413,"upper_bound":1394457.5021930889},"point_estimate":1392831.40281661,"standard_error":770.9993583122221},"StdDev":{"confidence_interval":{"confidence_level":0.95,"lower_bound":5283.805676844243,"upper_bound":36348.95184418165},"point_estimate":22604.97999685689,"standard_error":8591.145387746303}}