{"Mean":{"confidence_interval":{"confidence_level":0.95,"lower_bound":1454901.133464205,"upper_bound":1474131.3122489168},"point_estimate":1462465.441496646,"standard_error":5065.999633762811},"Median":{"confidence_interval":{"confidence_level":0.95,"lower_bound":1450776.12,"upper_bound":1457441.9207875459},"point_estimate":1453387.9930379747,"standard_error":1768.9529704367485},"MedianAbsDev":{"confidence_interval":{"confidence_level":0.95,"lower_bound":10014.352541347229,"upper_bound":16190.291667502795},"point_estimate":13298.730512518296,"standard_error":1525.7308849562594},"Slope":{"confidence_interval":{"confidence_level":0.95,"lower_bound":1454915.8167393908,"upper_bound":1460397.9970585508},"point_estimate":1457573.9788828136,"standard_error":1397.8503560493511},"StdDev":{"confidence_interval":{"confidence_level":0.95,"lower_bound":12830.192224871646,"upper_bound":83779.21234939045},"point_estimate":51017.41753182354,"standard_error":21988.0354693694}}