{"Mean":{"confidence_interval":{"confidence_level":0.95,"lower_bound":1752461.4781146052,"upper_bound":1799314.6301106447},"point_estimate":1769705.9684024244,"standard_error":12841.291206582158},"Median":{"confidence_interval":{"confidence_level":0.95,"lower_bound":1749970.7741935484,"upper_bound":1752527.4347826086},"point_estimate":1750870.7779411767,"standard_error":705.8020878058256},"MedianAbsDev":{"confidence_interval":{"confidence_level":0.95,"lower_bound":3033.482942394947,"upper_bound":5843.656029587366},"point_estimate":4733.511761963485,"standard_error":696.2299826057249},"Slope":{"confidence_interval":{"confidence_level":0.95,"lower_bound":1751291.8533779571,"upper_bound":1754421.3715833756},"point_estimate":1752818.5604640166,"standard_error":799.2651027999945},"StdDev":{"confidence_interval":{"confidence_level":0.95,"lower_bound":6592.602862807198,"upper_bound":215616.83176078403},"point_estimate":128820.20292668181,"standard_error":63772.75721164883}}