{"Mean":{"confidence_interval":{"confidence_level":0.95,"lower_bound":1617398.2573235321,"upper_bound":1638026.8308539689},"point_estimate":1625628.6053397425,"standard_error":5414.408756135965},"Median":{"confidence_interval":{"confidence_level":0.95,"lower_bound":1613413.5764966742,"upper_bound":1619315.2758620689},"point_estimate":1616020.2653539616,"standard_error":1569.6141566963584},"MedianAbsDev":{"confidence_interval":{"confidence_level":0.95,"lower_bound":7595.417562752304,"upper_bound":12395.875037196869},"point_estimate":9555.955008816645,"standard_error":1206.9944468327499},"Slope":{"confidence_interval":{"confidence_level":0.95,"lower_bound":1618293.874450844,"upper_bound":1627409.9816482447},"point_estimate":1622497.1517304566,"standard_error":2325.7043886945025},"StdDev":{"confidence_interval":{"confidence_level":0.95,"lower_bound":15323.707129547996,"upper_bound":88558.43558999714},"point_estimate":54399.38427928469,"standard_error":22719.875710905202}}