{"Mean":{"confidence_interval":{"confidence_level":0.95,"lower_bound":1592962.028638465,"upper_bound":1605949.162809456},"point_estimate":1597851.1416868535,"standard_error":3565.712673119661},"Median":{"confidence_interval":{"confidence_level":0.95,"lower_bound":1591465.027027027,"upper_bound":1595619.189189189},"point_estimate":1593458.5242818058,"standard_error":1195.0820160374353},"MedianAbsDev":{"confidence_interval":{"confidence_level":0.95,"lower_bound":5641.454539405115,"upper_bound":9002.290451518646},"point_estimate":6710.910400663956,"standard_error":877.091915335224},"Slope":{"confidence_interval":{"confidence_level":0.95,"lower_bound":1594586.7472037417,"upper_bound":1600576.699291927},"point_estimate":1597301.9508999556,"standard_error":1535.6750175457848},"StdDev":{"confidence_interval":{"confidence_level":0.95,"lower_bound":7833.824776492987,"upper_bound":59737.35640798662},"point_estimate":35685.61826049842,"standard_error":17578.186081317053}}