{"Mean":{"confidence_interval":{"confidence_level":0.95,"lower_bound":1443516.1411752608,"upper_bound":1460603.8087538283},"point_estimate":1450398.7231241642,"standard_error":4479.507868107214},"Median":{"confidence_interval":{"confidence_level":0.95,"lower_bound":1438983.5714285714,"upper_bound":1442729.9491525423},"point_estimate":1439785.9692753623,"standard_error":982.3770162804836},"MedianAbsDev":{"confidence_interval":{"confidence_level":0.95,"lower_bound":3556.7479927374925,"upper_bound":7763.584773783989},"point_estimate":4805.712434216122,"standard_error":1067.781765848736},"Slope":{"confidence_interval":{"confidence_level":0.95,"lower_bound":1440974.4481457358,"upper_bound":1444171.156714686},"point_estimate":1442464.5784276638,"standard_error":814.6282618637582},"StdDev":{"confidence_interval":{"confidence_level":0.95,"lower_bound":10986.254964544925,"upper_bound":72869.25774031687},"point_estimate":44937.39358166858,"standard_error":18187.235612030672}}