{"Mean":{"confidence_interval":{"confidence_level":0.95,"lower_bound":1589417.6999113704,"upper_bound":1613515.1563044556},"point_estimate":1598311.594376677,"standard_error":6734.367495463884},"Median":{"confidence_interval":{"confidence_level":0.95,"lower_bound":1585017.75,"upper_bound":1590338.611111111},"point_estimate":1587639.4030303028,"standard_error":1278.5975538370853},"MedianAbsDev":{"confidence_interval":{"confidence_level":0.95,"lower_bound":6326.454121016307,"upper_bound":11099.143004309022},"point_estimate":8487.625012201179,"standard_error":1177.4706992253123},"Slope":{"confidence_interval":{"confidence_level":0.95,"lower_bound":1588033.7257266107,"upper_bound":1595382.2150251085},"point_estimate":1591251.326844983,"standard_error":1888.3632992601515},"StdDev":{"confidence_interval":{"confidence_level":0.95,"lower_bound":11618.722914019754,"upper_bound":114387.8548910194},"point_estimate":67872.69508602878,"standard_error":35004.93280342639}}