{"Mean":{"confidence_interval":{"confidence_level":0.95,"lower_bound":1633116.6741477316,"upper_bound":1658742.9169492666},"point_estimate":1643446.8641938372,"standard_error":6745.64154891654},"Median":{"confidence_interval":{"confidence_level":0.95,"lower_bound":1627005.8863636365,"upper_bound":1632757.4193548388},"point_estimate":1629465.3304195805,"standard_error":1553.2710549361277},"MedianAbsDev":{"confidence_interval":{"confidence_level":0.95,"lower_bound":10448.551139462419,"upper_bound":19591.9538455066},"point_estimate":15456.32484341146,"standard_error":2159.7958889067245},"Slope":{"confidence_interval":{"confidence_level":0.95,"lower_bound":1623378.3467589854,"upper_bound":1632804.117552697},"point_estimate":1627802.0837712428,"standard_error":2407.5941865167283},"StdDev":{"confidence_interval":{"confidence_level":0.95,"lower_bound":21605.19380695666,"upper_bound":110802.62591717149},"point_estimate":68247.42798221318,"standard_error":28391.8689896049}}