{"Mean":{"confidence_interval":{"confidence_level":0.95,"lower_bound":1514718.368658797,"upper_bound":1554940.8028579655},"point_estimate":1529423.4594500482,"standard_error":11249.735792571923},"Median":{"confidence_interval":{"confidence_level":0.95,"lower_bound":1512428.125,"upper_bound":1514018.738095238},"point_estimate":1513138.787755102,"standard_error":339.572498256114},"MedianAbsDev":{"confidence_interval":{"confidence_level":0.95,"lower_bound":1707.3265981921322,"upper_bound":3493.885831721127},"point_estimate":2625.2265721601334,"standard_error":450.0302768536076},"Slope":{"confidence_interval":{"confidence_level":0.95,"lower_bound":1513634.2603675134,"upper_bound":1516018.2726044036},"point_estimate":1514740.7303827398,"standard_error":609.7566321857009},"StdDev":{"confidence_interval":{"confidence_level":0.95,"lower_bound":6584.350383974806,"upper_bound":190390.46842499668},"point_estimate":112877.5856835476,"standard_error":58316.164198970684}}