{"Mean":{"confidence_interval":{"confidence_level":0.95,"lower_bound":1601068.2525910116,"upper_bound":1655303.1751652593},"point_estimate":1623147.9388689662,"standard_error":14638.261346486212},"Median":{"confidence_interval":{"confidence_level":0.95,"lower_bound":1597083.0227272727,"upper_bound":1600124.4290352506},"point_estimate":1598770.4312665225,"standard_error":849.4393407704824},"MedianAbsDev":{"confidence_interval":{"confidence_level":0.95,"lower_bound":5775.940845119464,"upper_bound":10082.985245033697},"point_estimate":7900.160034656923,"standard_error":1181.9529974681434},"Slope":{"confidence_interval":{"confidence_level":0.95,"lower_bound":1599592.9013486772,"upper_bound":1603158.6426181672},"point_estimate":1601367.666980937,"standard_error":912.054258806821},"StdDev":{"confidence_interval":{"confidence_level":0.95,"lower_bound":11495.553743094233,"upper_bound":230335.59775231083},"point_estimate":147236.56045875105,"standard_error":59600.838531184876}}