{"Mean":{"confidence_interval":{"confidence_level":0.95,"lower_bound":1654412.6048176584,"upper_bound":1691460.3383858055},"point_estimate":1669941.4235012082,"standard_error":9586.381131907718},"Median":{"confidence_interval":{"confidence_level":0.95,"lower_bound":1629226.6666666667,"upper_bound":1678651.340800478},"point_estimate":1671552.4305031446,"standard_error":15577.133166026968},"MedianAbsDev":{"confidence_interval":{"confidence_level":0.95,"lower_bound":30721.38993284735,"upper_bound":73874.32838038614},"point_estimate":63325.18888535686,"standard_error":10446.569309561757},"Slope":{"confidence_interval":{"confidence_level":0.95,"lower_bound":1681026.704544192,"upper_bound":1697641.0873934762},"point_estimate":1689633.5873621989,"standard_error":4252.931226912052},"StdDev":{"confidence_interval":{"confidence_level":0.95,"lower_bound":41242.61306365679,"upper_bound":150439.61934134088},"point_estimate":95842.57842161108,"standard_error":34248.90580379283}}