{"Mean":{"confidence_interval":{"confidence_level":0.95,"lower_bound":1605308.726791607,"upper_bound":1658982.8031014882},"point_estimate":1623741.936307064,"standard_error":16856.676493108953},"Median":{"confidence_interval":{"confidence_level":0.95,"lower_bound":1602414.8809701493,"upper_bound":1605461.5568181816},"point_estimate":1603571.8666431261,"standard_error":776.6715882571281},"MedianAbsDev":{"confidence_interval":{"confidence_level":0.95,"lower_bound":4375.815762004347,"upper_bound":7903.624631557614},"point_estimate":6331.908391157544,"standard_error":911.6443947562886},"Slope":{"confidence_interval":{"confidence_level":0.95,"lower_bound":1604238.918622922,"upper_bound":1607729.5345705997},"point_estimate":1605883.8128210432,"standard_error":895.3338606690296},"StdDev":{"confidence_interval":{"confidence_level":0.95,"lower_bound":7462.2775605701045,"upper_bound":290797.70536953356},"point_estimate":169733.27065744888,"standard_error":101831.55681312518}}