{"Mean":{"confidence_interval":{"confidence_level":0.95,"lower_bound":1585298.2184519246,"upper_bound":1617177.7541889704},"point_estimate":1597317.1594006624,"standard_error":8523.548914588193},"Median":{"confidence_interval":{"confidence_level":0.95,"lower_bound":1582604.6865526624,"upper_bound":1585721.62},"point_estimate":1584153.6544117648,"standard_error":779.316236732708},"MedianAbsDev":{"confidence_interval":{"confidence_level":0.95,"lower_bound":4548.95277523997,"upper_bound":7958.552043429692},"point_estimate":6173.8509565460445,"standard_error":890.6120516739011},"Slope":{"confidence_interval":{"confidence_level":0.95,"lower_bound":1585155.789942166,"upper_bound":1591524.7551743092},"point_estimate":1588103.5442293484,"standard_error":1634.698847726001},"StdDev":{"confidence_interval":{"confidence_level":0.95,"lower_bound":8982.041954736185,"upper_bound":142285.3476877201},"point_estimate":85587.60697155567,"standard_error":40125.769337782076}}