{"Mean":{"confidence_interval":{"confidence_level":0.95,"lower_bound":1699010.6963295264,"upper_bound":1727269.058545877},"point_estimate":1708896.854493567,"standard_error":8620.050905992171},"Median":{"confidence_interval":{"confidence_level":0.95,"lower_bound":1697078.161064426,"upper_bound":1699448.2},"point_estimate":1698396.8614982578,"standard_error":594.3837127883431},"MedianAbsDev":{"confidence_interval":{"confidence_level":0.95,"lower_bound":3299.0374921658063,"upper_bound":5710.888165971221},"point_estimate":4369.717864044211,"standard_error":626.7822396373289},"Slope":{"confidence_interval":{"confidence_level":0.95,"lower_bound":1698588.3309489577,"upper_bound":1701350.534534455},"point_estimate":1699899.9179872912,"standard_error":707.9582650086378},"StdDev":{"confidence_interval":{"confidence_level":0.95,"lower_bound":6336.92322831288,"upper_bound":148019.68066888978},"point_estimate":86576.87132953895,"standard_error":50292.233288966796}}