{"Mean":{"confidence_interval":{"confidence_level":0.95,"lower_bound":1601311.6494196567,"upper_bound":1631090.161260006},"point_estimate":1612329.5801713308,"standard_error":8046.236600270817},"Median":{"confidence_interval":{"confidence_level":0.95,"lower_bound":1597739.1204013377,"upper_bound":1601686.5090819835},"point_estimate":1599810.1943204869,"standard_error":988.8429720009245},"MedianAbsDev":{"confidence_interval":{"confidence_level":0.95,"lower_bound":5241.442666928269,"upper_bound":8582.060355731095},"point_estimate":6785.372985796857,"standard_error":851.47146330074},"Slope":{"confidence_interval":{"confidence_level":0.95,"lower_bound":1600105.4982236612,"upper_bound":1605151.0732035176},"point_estimate":1602448.286980937,"standard_error":1288.0584190500379},"StdDev":{"confidence_interval":{"confidence_level":0.95,"lower_bound":9409.372373680213,"upper_bound":135066.625871052},"point_estimate":80589.85744864083,"standard_error":39420.532349626366}}