{"Mean":{"confidence_interval":{"confidence_level":0.95,"lower_bound":1582149.467562786,"upper_bound":1614297.936346818},"point_estimate":1593946.991131425,"standard_error":8962.548473533185},"Median":{"confidence_interval":{"confidence_level":0.95,"lower_bound":1580034.63729128,"upper_bound":1582894.607142857},"point_estimate":1581616.5778846154,"standard_error":737.3284238855316},"MedianAbsDev":{"confidence_interval":{"confidence_level":0.95,"lower_bound":4532.37120131321,"upper_bound":7171.145813288125},"point_estimate":6166.9968453819065,"standard_error":655.9727544778343},"Slope":{"confidence_interval":{"confidence_level":0.95,"lower_bound":1580650.8379766676,"upper_bound":1586149.6196213418},"point_estimate":1582853.7158474952,"standard_error":1438.413060021587},"StdDev":{"confidence_interval":{"confidence_level":0.95,"lower_bound":9710.316495037268,"upper_bound":152085.03145637186},"point_estimate":90122.00865126646,"standard_error":46463.64125824937}}