{"Mean":{"confidence_interval":{"confidence_level":0.95,"lower_bound":1592959.3637664902,"upper_bound":1623702.5531530639},"point_estimate":1604644.054038079,"standard_error":8250.552890785031},"Median":{"confidence_interval":{"confidence_level":0.95,"lower_bound":1591487.486235955,"upper_bound":1595202.5750915753},"point_estimate":1593926.8251885371,"standard_error":1065.7615057715816},"MedianAbsDev":{"confidence_interval":{"confidence_level":0.95,"lower_bound":7738.087396192905,"upper_bound":14181.665012184563},"point_estimate":10132.568945239853,"standard_error":1594.4385286658196},"Slope":{"confidence_interval":{"confidence_level":0.95,"lower_bound":1591265.6744265833,"upper_bound":1596474.3007312894},"point_estimate":1593810.8683463868,"standard_error":1326.9416847212567},"StdDev":{"confidence_interval":{"confidence_level":0.95,"lower_bound":10248.824787536403,"upper_bound":137638.1760144446},"point_estimate":82878.02007317654,"standard_error":38547.4362435042}}