{"Mean":{"confidence_interval":{"confidence_level":0.95,"lower_bound":1654021.4984822322,"upper_bound":1683880.431064921},"point_estimate":1668147.294891488,"standard_error":7602.040545369959},"Median":{"confidence_interval":{"confidence_level":0.95,"lower_bound":1610462.9139267574,"upper_bound":1688584.0834146342},"point_estimate":1678897.6964285714,"standard_error":23410.62431027167},"MedianAbsDev":{"confidence_interval":{"confidence_level":0.95,"lower_bound":13376.10904995395,"upper_bound":108343.86754981823},"point_estimate":100165.14512031221,"standard_error":27884.33593499344},"Slope":{"confidence_interval":{"confidence_level":0.95,"lower_bound":1616284.356900564,"upper_bound":1630456.7135330832},"point_estimate":1622478.7506250923,"standard_error":3629.4062920705474},"StdDev":{"confidence_interval":{"confidence_level":0.95,"lower_bound":53988.84613877086,"upper_bound":100369.3962588945},"point_estimate":76431.98685935642,"standard_error":12220.145512483037}}