{"Mean":{"confidence_interval":{"confidence_level":0.95,"lower_bound":1514039.2526949372,"upper_bound":1662220.625562511},"point_estimate":1566202.5367591125,"standard_error":44218.02248766465},"Median":{"confidence_interval":{"confidence_level":0.95,"lower_bound":1511720.3416666668,"upper_bound":1514213.5},"point_estimate":1512571.0712437811,"standard_error":606.5797097820962},"MedianAbsDev":{"confidence_interval":{"confidence_level":0.95,"lower_bound":3172.9371647140765,"upper_bound":6260.266828073457},"point_estimate":4821.389309656435,"standard_error":785.3094494756904},"Slope":{"confidence_interval":{"confidence_level":0.95,"lower_bound":1512977.3071565372,"upper_bound":1515422.5343568192},"point_estimate":1514173.2917511452,"standard_error":621.9923549576725},"StdDev":{"confidence_interval":{"confidence_level":0.95,"lower_bound":6715.0788145073575,"upper_bound":757687.3556710202},"point_estimate":444803.99007278413,"standard_error":251253.6308331513}}