{"Mean":{"confidence_interval":{"confidence_level":0.95,"lower_bound":1605875.9518986258,"upper_bound":1616753.568794132},"point_estimate":1610723.8714306438,"standard_error":2792.9314515365772},"Median":{"confidence_interval":{"confidence_level":0.95,"lower_bound":1601291.2839506173,"upper_bound":1607463.8858915907},"point_estimate":1605093.5069444445,"standard_error":1462.8240257333243},"MedianAbsDev":{"confidence_interval":{"confidence_level":0.95,"lower_bound":10987.342099747038,"upper_bound":19994.18785973753},"point_estimate":15881.555896536744,"standard_error":2259.97772201493},"Slope":{"confidence_interval":{"confidence_level":0.95,"lower_bound":1604472.1779911811,"upper_bound":1610782.1697884928},"point_estimate":1607489.8654618,"standard_error":1609.9855304866592},"StdDev":{"confidence_interval":{"confidence_level":0.95,"lower_bound":15545.739900508504,"upper_bound":41319.67715201791},"point_estimate":28127.88413326865,"standard_error":7546.172292096957}}