{"Mean":{"confidence_interval":{"confidence_level":0.95,"lower_bound":1603185.3104715014,"upper_bound":1620563.6578502837},"point_estimate":1609591.2296531007,"standard_error":4874.554474825902},"Median":{"confidence_interval":{"confidence_level":0.95,"lower_bound":1599230.642857143,"upper_bound":1602607.3589983021},"point_estimate":1601213.3479570458,"standard_error":918.5127113616426},"MedianAbsDev":{"confidence_interval":{"confidence_level":0.95,"lower_bound":5338.9522557697455,"upper_bound":11199.39937534124},"point_estimate":7968.764763660154,"standard_error":1512.187319633672},"Slope":{"confidence_interval":{"confidence_level":0.95,"lower_bound":1603080.29088724,"upper_bound":1608490.5290711117},"point_estimate":1605705.3053465346,"standard_error":1382.8694143384896},"StdDev":{"confidence_interval":{"confidence_level":0.95,"lower_bound":9376.852564014362,"upper_bound":82806.55073863176},"point_estimate":49064.748873938974,"standard_error":25488.949782555355}}