{"Mean":{"confidence_interval":{"confidence_level":0.95,"lower_bound":1611536.4099565244,"upper_bound":1634122.639516713},"point_estimate":1620277.8309466215,"standard_error":5989.636108768885},"Median":{"confidence_interval":{"confidence_level":0.95,"lower_bound":1607113.0689655172,"upper_bound":1608610.1612903227},"point_estimate":1607695.6868464502,"standard_error":405.6526062759954},"MedianAbsDev":{"confidence_interval":{"confidence_level":0.95,"lower_bound":4534.639880605175,"upper_bound":7510.517881661688},"point_estimate":5817.7831892136965,"standard_error":725.0649534577725},"Slope":{"confidence_interval":{"confidence_level":0.95,"lower_bound":1611541.2195326127,"upper_bound":1626390.009299969},"point_estimate":1617991.3052785578,"standard_error":3842.999441416064},"StdDev":{"confidence_interval":{"confidence_level":0.95,"lower_bound":15719.913547723976,"upper_bound":99374.31007894452},"point_estimate":60311.19344162425,"standard_error":27156.792293284427}}