{"Mean":{"confidence_interval":{"confidence_level":0.95,"lower_bound":1652779.5397783972,"upper_bound":1700220.4579885823},"point_estimate":1671432.015918082,"standard_error":12535.492205891955},"Median":{"confidence_interval":{"confidence_level":0.95,"lower_bound":1641815.4381035995,"upper_bound":1658389.1612903227},"point_estimate":1650273.017361111,"standard_error":5073.440019217066},"MedianAbsDev":{"confidence_interval":{"confidence_level":0.95,"lower_bound":22336.754623679608,"upper_bound":38032.08419941881},"point_estimate":29127.956037615215,"standard_error":4017.3689032658312},"Slope":{"confidence_interval":{"confidence_level":0.95,"lower_bound":1657022.6922122072,"upper_bound":1675968.2732706966},"point_estimate":1666032.2286271611,"standard_error":4834.464283498442},"StdDev":{"confidence_interval":{"confidence_level":0.95,"lower_bound":36919.6860884536,"upper_bound":206471.76833816268},"point_estimate":126055.30021135657,"standard_error":54952.77069351021}}