{"Mean":{"confidence_interval":{"confidence_level":0.95,"lower_bound":1625770.8343481063,"upper_bound":1663161.4559950193},"point_estimate":1639198.4557930974,"standard_error":11048.263564254898},"Median":{"confidence_interval":{"confidence_level":0.95,"lower_bound":1621337.111111111,"upper_bound":1624831.933039092},"point_estimate":1623113.3021367523,"standard_error":1071.2819999095482},"MedianAbsDev":{"confidence_interval":{"confidence_level":0.95,"lower_bound":4699.96528460013,"upper_bound":9422.538494592813},"point_estimate":6861.398007902018,"standard_error":1302.476414645011},"Slope":{"confidence_interval":{"confidence_level":0.95,"lower_bound":1622847.4945227986,"upper_bound":1629944.7860240845},"point_estimate":1625869.1979725137,"standard_error":1844.0586908724172},"StdDev":{"confidence_interval":{"confidence_level":0.95,"lower_bound":11718.640677662781,"upper_bound":189091.58269161455},"point_estimate":111082.32503066283,"standard_error":61895.46898260496}}