{"Mean":{"confidence_interval":{"confidence_level":0.95,"lower_bound":1588264.9423487668,"upper_bound":1620964.86896164},"point_estimate":1600029.6836817828,"standard_error":9613.540315856326},"Median":{"confidence_interval":{"confidence_level":0.95,"lower_bound":1583721.875,"upper_bound":1589470.884090909},"point_estimate":1586820.7583333333,"standard_error":1528.8541340871054},"MedianAbsDev":{"confidence_interval":{"confidence_level":0.95,"lower_bound":7704.6101186253,"upper_bound":13732.469006518493},"point_estimate":10665.291242100837,"standard_error":1467.575557204592},"Slope":{"confidence_interval":{"confidence_level":0.95,"lower_bound":1583084.6814222254,"upper_bound":1588103.667957011},"point_estimate":1585382.9018797104,"standard_error":1277.1567963714008},"StdDev":{"confidence_interval":{"confidence_level":0.95,"lower_bound":11893.410787035189,"upper_bound":165161.50802552674},"point_estimate":96992.76793357776,"standard_error":53849.02596636879}}