{"Mean":{"confidence_interval":{"confidence_level":0.95,"lower_bound":1625058.286700503,"upper_bound":1660522.5187341224},"point_estimate":1638090.9730697793,"standard_error":10101.591267262664},"Median":{"confidence_interval":{"confidence_level":0.95,"lower_bound":1618945.2192028984,"upper_bound":1624781.9880174291},"point_estimate":1620447.9448863636,"standard_error":1606.325153615609},"MedianAbsDev":{"confidence_interval":{"confidence_level":0.95,"lower_bound":8642.696027007354,"upper_bound":16241.033942775199},"point_estimate":10938.558700629415,"standard_error":1863.7530475563708},"Slope":{"confidence_interval":{"confidence_level":0.95,"lower_bound":1622510.9902377292,"upper_bound":1630238.5448831285},"point_estimate":1626220.9200295552,"standard_error":1974.0525723802034},"StdDev":{"confidence_interval":{"confidence_level":0.95,"lower_bound":15606.762500569534,"upper_bound":172352.78953376977},"point_estimate":101816.76260447504,"standard_error":53904.37910621105}}