{"Mean":{"confidence_interval":{"confidence_level":0.95,"lower_bound":1456912.3773878776,"upper_bound":1474176.5976973516},"point_estimate":1463699.1047334983,"standard_error":4583.286420550467},"Median":{"confidence_interval":{"confidence_level":0.95,"lower_bound":1453818.5569620254,"upper_bound":1457873.1323529412},"point_estimate":1455298.73125,"standard_error":975.219824595618},"MedianAbsDev":{"confidence_interval":{"confidence_level":0.95,"lower_bound":5936.8250556663525,"upper_bound":10779.64765953775},"point_estimate":7980.553258316775,"standard_error":1145.6112113441452},"Slope":{"confidence_interval":{"confidence_level":0.95,"lower_bound":1454339.4618543098,"upper_bound":1460011.5897430847},"point_estimate":1456868.05217674,"standard_error":1452.2371103784171},"StdDev":{"confidence_interval":{"confidence_level":0.95,"lower_bound":9488.330577747718,"upper_bound":75835.44334584959},"point_estimate":46093.303141699645,"standard_error":20167.332205401413}}