{"Mean":{"confidence_interval":{"confidence_level":0.95,"lower_bound":-0.014124997938416957,"upper_bound":0.003338263436498659},"point_estimate":-0.006159703364971847,"standard_error":0.004346131210886851},"Median":{"confidence_interval":{"confidence_level":0.95,"lower_bound":-0.006191512634061036,"upper_bound":-0.002820174074014914},"point_estimate":-0.00435752845828441,"standard_error":0.000916659299667865}}