{"Mean":{"confidence_interval":{"confidence_level":0.95,"lower_bound":-0.023475483290896042,"upper_bound":0.00805220023201585},"point_estimate":-0.007927468537550664,"standard_error":0.007746481976814018},"Median":{"confidence_interval":{"confidence_level":0.95,"lower_bound":-0.006644344629574306,"upper_bound":-0.003678570913235979},"point_estimate":-0.005169729407084822,"standard_error":0.0007710104890204671}}