{"Mean":{"confidence_interval":{"confidence_level":0.95,"lower_bound":0.10071146120490629,"upper_bound":0.14519828059320308},"point_estimate":0.12103121154131258,"standard_error":0.011287657724014577},"Median":{"confidence_interval":{"confidence_level":0.95,"lower_bound":0.10501160409366639,"upper_bound":0.1118903191590459},"point_estimate":0.10842524081558969,"standard_error":0.0017347197994826257}}