{"Mean":{"confidence_interval":{"confidence_level":0.95,"lower_bound":-0.01669335414535153,"upper_bound":0.015524128528408154},"point_estimate":-0.002109892984873518,"standard_error":0.008010617041949011},"Median":{"confidence_interval":{"confidence_level":0.95,"lower_bound":-0.0029533374318948535,"upper_bound":-0.00035358412295372066},"point_estimate":-0.0016015343714189667,"standard_error":0.0006586954311096597}}