{"Mean":{"confidence_interval":{"confidence_level":0.95,"lower_bound":-0.021004906323329724,"upper_bound":-0.0007097727875204685},"point_estimate":-0.010530307035719999,"standard_error":0.0050916639271419185},"Median":{"confidence_interval":{"confidence_level":0.95,"lower_bound":-0.009154213439043435,"upper_bound":-0.004000527313719471},"point_estimate":-0.006911015095622086,"standard_error":0.001340694612571709}}