{"Mean":{"confidence_interval":{"confidence_level":0.95,"lower_bound":0.10753984874188255,"upper_bound":0.1368377111349832},"point_estimate":0.12154808365390024,"standard_error":0.007498628421339447},"Median":{"confidence_interval":{"confidence_level":0.95,"lower_bound":0.11444187913225967,"upper_bound":0.12217126799953881},"point_estimate":0.11825272551639876,"standard_error":0.0018889251250768816}}