{"Mean":{"confidence_interval":{"confidence_level":0.95,"lower_bound":-0.01076892511845589,"upper_bound":0.007675216262110954},"point_estimate":-0.0017590202412591793,"standard_error":0.004596088694065515},"Median":{"confidence_interval":{"confidence_level":0.95,"lower_bound":-0.0037284992693096264,"upper_bound":-0.0003589587326407214},"point_estimate":-0.0021788723156713763,"standard_error":0.0009224356253304132}}