{"Mean":{"confidence_interval":{"confidence_level":0.95,"lower_bound":-0.009781812852445153,"upper_bound":0.01774775116651412},"point_estimate":0.005765077011665287,"standard_error":0.007071331882144935},"Median":{"confidence_interval":{"confidence_level":0.95,"lower_bound":-0.00577998432530792,"upper_bound":0.03644523420879334},"point_estimate":0.028353823336015216,"standard_error":0.01034998153083473}}