{"Mean":{"confidence_interval":{"confidence_level":0.95,"lower_bound":-0.011103365642310735,"upper_bound":0.027436064949363865},"point_estimate":0.006621545708980214,"standard_error":0.009558739427342046},"Median":{"confidence_interval":{"confidence_level":0.95,"lower_bound":0.0020052128032086447,"upper_bound":0.004437093638362866},"point_estimate":0.003263409548833307,"standard_error":0.0006242993330223782}}