{"Mean":{"confidence_interval":{"confidence_level":0.95,"lower_bound":-0.03463535372812632,"upper_bound":-0.0022310859050159422},"point_estimate":-0.018409608430249524,"standard_error":0.008208858251094686},"Median":{"confidence_interval":{"confidence_level":0.95,"lower_bound":-0.03357009545340606,"upper_bound":-0.003673824542711479},"point_estimate":-0.028978527674308086,"standard_error":0.009258338040098133}}