{"Mean":{"confidence_interval":{"confidence_level":0.95,"lower_bound":-0.013990450604091724,"upper_bound":0.019524198034725566},"point_estimate":0.003701109746473641,"standard_error":0.008449508183222243},"Median":{"confidence_interval":{"confidence_level":0.95,"lower_bound":-0.0033184858769302883,"upper_bound":0.0010577763521202321},"point_estimate":-0.0004165076795448197,"standard_error":0.0011075020457923862}}