{"Mean":{"confidence_interval":{"confidence_level":0.95,"lower_bound":-0.1167179323752493,"upper_bound":-0.09104866939351254},"point_estimate":-0.10492006489514372,"standard_error":0.006624413777458361},"Median":{"confidence_interval":{"confidence_level":0.95,"lower_bound":-0.1258815290520695,"upper_bound":-0.08324569438395868},"point_estimate":-0.12071086426765498,"standard_error":0.012697958222378878}}