{"Mean":{"confidence_interval":{"confidence_level":0.95,"lower_bound":0.08403530039907375,"upper_bound":0.10652295241144173},"point_estimate":0.09436590301130687,"standard_error":0.005802360274318579},"Median":{"confidence_interval":{"confidence_level":0.95,"lower_bound":0.09272465263798102,"upper_bound":0.09738709205605435},"point_estimate":0.0951940834966527,"standard_error":0.0012372655931650574}}