{"Mean":{"confidence_interval":{"confidence_level":0.95,"lower_bound":-0.01682462381945509,"upper_bound":0.01583989205827987},"point_estimate":-0.0015941516478508166,"standard_error":0.00792021816309499},"Median":{"confidence_interval":{"confidence_level":0.95,"lower_bound":-0.0015851078167822275,"upper_bound":0.000848571598353054},"point_estimate":-0.0003658274833667763,"standard_error":0.0006252939083476317}}