{"Mean":{"confidence_interval":{"confidence_level":0.95,"lower_bound":-0.007429530077931478,"upper_bound":0.010568091943216586},"point_estimate":0.001957319761557441,"standard_error":0.004609641464250597},"Median":{"confidence_interval":{"confidence_level":0.95,"lower_bound":-0.0027673422744612505,"upper_bound":0.0008324300245488812},"point_estimate":-0.0009857981995514686,"standard_error":0.0008799411907895806}}