{"Mean":{"confidence_interval":{"confidence_level":0.95,"lower_bound":-0.009483317883111473,"upper_bound":0.013012666267072334},"point_estimate":-0.0003341877552043293,"standard_error":0.005713829966823218},"Median":{"confidence_interval":{"confidence_level":0.95,"lower_bound":-0.007533693830981569,"upper_bound":-0.004072922270694224},"point_estimate":-0.0058394176743539195,"standard_error":0.000906117117794574}}