{"Mean":{"confidence_interval":{"confidence_level":0.95,"lower_bound":-0.02488660450543298,"upper_bound":-0.0024072051770436635},"point_estimate":-0.014155192087253465,"standard_error":0.005625760204143373},"Median":{"confidence_interval":{"confidence_level":0.95,"lower_bound":-0.013207171936031159,"upper_bound":-0.008205754320752212},"point_estimate":-0.010850404305873251,"standard_error":0.0012655753376602094}}