{"Mean":{"confidence_interval":{"confidence_level":0.95,"lower_bound":-0.015297334856979043,"upper_bound":0.002310775925047265},"point_estimate":-0.006547162155600805,"standard_error":0.004425393553581257},"Median":{"confidence_interval":{"confidence_level":0.95,"lower_bound":-0.005272891144852854,"upper_bound":-0.000273806358412787},"point_estimate":-0.001948056707844481,"standard_error":0.0012591560578958118}}