{"Mean":{"confidence_interval":{"confidence_level":0.95,"lower_bound":-0.022211163774187612,"upper_bound":0.014978425673678537},"point_estimate":-0.003135326609063682,"standard_error":0.009214835047643593},"Median":{"confidence_interval":{"confidence_level":0.95,"lower_bound":-0.0031147836536521423,"upper_bound":-0.00016964588029386193},"point_estimate":-0.0014911962057380101,"standard_error":0.0007442167876170725}}