{"Mean":{"confidence_interval":{"confidence_level":0.95,"lower_bound":-0.01851896083903334,"upper_bound":0.01040184409419922},"point_estimate":-0.0031309131733416873,"standard_error":0.007241790414591419},"Median":{"confidence_interval":{"confidence_level":0.95,"lower_bound":-0.0028265739802023626,"upper_bound":0.002037348355145907},"point_estimate":-0.0009176624769575703,"standard_error":0.0012503253950818985}}