{"Mean":{"confidence_interval":{"confidence_level":0.95,"lower_bound":0.012520484425654713,"upper_bound":0.04844224246218785},"point_estimate":0.030945939032500647,"standard_error":0.00894828723374807},"Median":{"confidence_interval":{"confidence_level":0.95,"lower_bound":0.01491497700604949,"upper_bound":0.04557384454395175},"point_estimate":0.040900566714010766,"standard_error":0.009314122881089718}}