{"Mean":{"confidence_interval":{"confidence_level":0.95,"lower_bound":0.010036159008997002,"upper_bound":0.05330217752479829},"point_estimate":0.028981125734850233,"standard_error":0.010697652474575143},"Median":{"confidence_interval":{"confidence_level":0.95,"lower_bound":0.007683638873729359,"upper_bound":0.011950385439026823},"point_estimate":0.01031388189981386,"standard_error":0.0010475969334618606}}