{"Mean":{"confidence_interval":{"confidence_level":0.95,"lower_bound":-0.014140391474659229,"upper_bound":0.008588835322304863},"point_estimate":-0.002982845200088402,"standard_error":0.005611731346949197},"Median":{"confidence_interval":{"confidence_level":0.95,"lower_bound":-0.006417512213330645,"upper_bound":-0.0017498574251780844},"point_estimate":-0.0040018662142865535,"standard_error":0.0011117542085707652}}