{"Mean":{"confidence_interval":{"confidence_level":0.95,"lower_bound":-0.05476614572827126,"upper_bound":-0.016539530773204223},"point_estimate":-0.03345355357086632,"standard_error":0.009847856512940161},"Median":{"confidence_interval":{"confidence_level":0.95,"lower_bound":-0.025793856375204482,"upper_bound":-0.018492471629347862},"point_estimate":-0.022145016663063233,"standard_error":0.0018676727397996216}}