{"Mean":{"confidence_interval":{"confidence_level":0.95,"lower_bound":-0.005344616722164208,"upper_bound":0.016375193338724902},"point_estimate":0.004743344653217463,"standard_error":0.005437596173610532},"Median":{"confidence_interval":{"confidence_level":0.95,"lower_bound":-0.0014981292009631493,"upper_bound":0.004371162086115099},"point_estimate":0.0017168576985207018,"standard_error":0.0015210764642710137}}