{"Mean":{"confidence_interval":{"confidence_level":0.95,"lower_bound":-0.08464948326502722,"upper_bound":-0.04563424301726821},"point_estimate":-0.0696341277685052,"standard_error":0.01103553008677991},"Median":{"confidence_interval":{"confidence_level":0.95,"lower_bound":-0.07686187416731993,"upper_bound":-0.07450240927057705},"point_estimate":-0.07569227932189848,"standard_error":0.0006083263483204132}}