{"Mean":{"confidence_interval":{"confidence_level":0.95,"lower_bound":0.06127181301654414,"upper_bound":0.09683353807251836},"point_estimate":0.07791045495326543,"standard_error":0.008889086160639945},"Median":{"confidence_interval":{"confidence_level":0.95,"lower_bound":0.08064923679313196,"upper_bound":0.08347688121749308},"point_estimate":0.08229394127290335,"standard_error":0.0007681625755031397}}