{"Mean":{"confidence_interval":{"confidence_level":0.95,"lower_bound":-0.04075077754237702,"upper_bound":-0.006921211909570109},"point_estimate":-0.0245457957916142,"standard_error":0.00859896588884329},"Median":{"confidence_interval":{"confidence_level":0.95,"lower_bound":-0.03840477817929877,"upper_bound":-0.008750893449733455},"point_estimate":-0.0339818886490274,"standard_error":0.009217149223797346}}