{"Mean":{"confidence_interval":{"confidence_level":0.95,"lower_bound":0.004647518481062774,"upper_bound":0.023366114188544024},"point_estimate":0.013736419382901266,"standard_error":0.004655333700916114},"Median":{"confidence_interval":{"confidence_level":0.95,"lower_bound":0.008354196768390665,"upper_bound":0.016878854091845197},"point_estimate":0.01228844970889953,"standard_error":0.0018174634689525025}}