{"Mean":{"confidence_interval":{"confidence_level":0.95,"lower_bound":0.06588990910903908,"upper_bound":0.09856554088542303},"point_estimate":0.08123067697704678,"standard_error":0.008084111130360352},"Median":{"confidence_interval":{"confidence_level":0.95,"lower_bound":0.07882337136690043,"upper_bound":0.08601399733735993},"point_estimate":0.0822736996887945,"standard_error":0.0018935582012222882}}