{"Mean":{"confidence_interval":{"confidence_level":0.95,"lower_bound":-0.11660106358481974,"upper_bound":-0.09998844001401028},"point_estimate":-0.1080427266544004,"standard_error":0.004246881401223098},"Median":{"confidence_interval":{"confidence_level":0.95,"lower_bound":-0.12148412994079942,"upper_bound":-0.07880706410355331},"point_estimate":-0.11639950571885305,"standard_error":0.012719692528353588}}