{"Mean":{"confidence_interval":{"confidence_level":0.95,"lower_bound":-0.0030622876626485466,"upper_bound":0.011311132277794816},"point_estimate":0.003747049297500915,"standard_error":0.0036726037143373965},"Median":{"confidence_interval":{"confidence_level":0.95,"lower_bound":-0.005436029644347196,"upper_bound":-0.001196113212419636},"point_estimate":-0.0037304224257810326,"standard_error":0.0011799666781985027}}