{"Mean":{"confidence_interval":{"confidence_level":0.95,"lower_bound":-0.030537319095688426,"upper_bound":0.01931700265589551},"point_estimate":-0.0036006036823019727,"standard_error":0.012105303543761048},"Median":{"confidence_interval":{"confidence_level":0.95,"lower_bound":-0.0010634200575329045,"upper_bound":0.001172322236098422},"point_estimate":0.0002375566322374567,"standard_error":0.0005713481284609388}}