{"Mean":{"confidence_interval":{"confidence_level":0.95,"lower_bound":-0.01900089185365273,"upper_bound":0.00811846915088645},"point_estimate":-0.002886503383894401,"standard_error":0.007141803617377222},"Median":{"confidence_interval":{"confidence_level":0.95,"lower_bound":-0.0003298025518893022,"upper_bound":0.003448378217947967},"point_estimate":0.0017559942828955233,"standard_error":0.0010175609025359527}}