{"Mean":{"confidence_interval":{"confidence_level":0.95,"lower_bound":-0.16144555826794138,"upper_bound":0.0023688900845096994},"point_estimate":-0.08787444380506437,"standard_error":0.039567509967567596},"Median":{"confidence_interval":{"confidence_level":0.95,"lower_bound":-0.09096939772113967,"upper_bound":-0.08642241483659496},"point_estimate":-0.08839688334851725,"standard_error":0.0012275324104895821}}