{"Mean":{"confidence_interval":{"confidence_level":0.95,"lower_bound":-0.12222150200324268,"upper_bound":-0.09109065763162193},"point_estimate":-0.10305608171301195,"standard_error":0.008815153680209768},"Median":{"confidence_interval":{"confidence_level":0.95,"lower_bound":-0.09501058975033072,"upper_bound":-0.09273189800249904},"point_estimate":-0.09387811819220859,"standard_error":0.0006037206384309285}}