{"Mean":{"confidence_interval":{"confidence_level":0.95,"lower_bound":-0.1040962980766962,"upper_bound":-0.07043914613829853},"point_estimate":-0.08675924563405124,"standard_error":0.008492754429422418},"Median":{"confidence_interval":{"confidence_level":0.95,"lower_bound":-0.0841314297503648,"upper_bound":-0.08250241681073489},"point_estimate":-0.08310170732767685,"standard_error":0.00042197469621569613}}