{"Mean":{"confidence_interval":{"confidence_level":0.95,"lower_bound":-0.09770575018213135,"upper_bound":-0.07894981419205939},"point_estimate":-0.08912548449890279,"standard_error":0.004764179225126662},"Median":{"confidence_interval":{"confidence_level":0.95,"lower_bound":-0.09148380808300749,"upper_bound":-0.08741351213923712},"point_estimate":-0.08912845944051928,"standard_error":0.0010081069565155954}}