{"Mean":{"confidence_interval":{"confidence_level":0.95,"lower_bound":0.05680416684665537,"upper_bound":0.07931894566355178},"point_estimate":0.06853011165380285,"standard_error":0.005667421191876664},"Median":{"confidence_interval":{"confidence_level":0.95,"lower_bound":0.06931367862100417,"upper_bound":0.0747089643793859},"point_estimate":0.07171685874750122,"standard_error":0.001362225102660313}}