{"Mean":{"confidence_interval":{"confidence_level":0.95,"lower_bound":-0.08847820902710234,"upper_bound":-0.06865950500053708},"point_estimate":-0.07840166506347646,"standard_error":0.004959194114747747},"Median":{"confidence_interval":{"confidence_level":0.95,"lower_bound":-0.07870231868172006,"upper_bound":-0.07486089631250903},"point_estimate":-0.07662870168671743,"standard_error":0.0009483900537203239}}