{"Mean":{"confidence_interval":{"confidence_level":0.95,"lower_bound":-0.081544586425502,"upper_bound":-0.0606414881306856},"point_estimate":-0.07171427673422526,"standard_error":0.005335293791009957},"Median":{"confidence_interval":{"confidence_level":0.95,"lower_bound":-0.07783430715435691,"upper_bound":-0.07273953019776136},"point_estimate":-0.07528223210956997,"standard_error":0.001391803559232963}}