{"Mean":{"confidence_interval":{"confidence_level":0.95,"lower_bound":-0.029530748257542018,"upper_bound":0.03030080414739548},"point_estimate":-0.00033586722735268193,"standard_error":0.015356793619459541},"Median":{"confidence_interval":{"confidence_level":0.95,"lower_bound":-0.008417549874653707,"upper_bound":-0.002544301601282599},"point_estimate":-0.006069924713577035,"standard_error":0.0015033984866909605}}