{"Mean":{"confidence_interval":{"confidence_level":0.95,"lower_bound":-0.014074176444144394,"upper_bound":0.01321408538715969},"point_estimate":0.002426138601215433,"standard_error":0.007452588591489718},"Median":{"confidence_interval":{"confidence_level":0.95,"lower_bound":0.006421664310545028,"upper_bound":0.011465296466048658},"point_estimate":0.009563347417769652,"standard_error":0.0013142096865963618}}