{"Mean":{"confidence_interval":{"confidence_level":0.95,"lower_bound":-0.010607471532134864,"upper_bound":0.008253326240059},"point_estimate":-0.0012855662269395385,"standard_error":0.0046861679922211765},"Median":{"confidence_interval":{"confidence_level":0.95,"lower_bound":-0.0036766520637699918,"upper_bound":0.00008150036114451531},"point_estimate":-0.001867721064441774,"standard_error":0.000945869244330242}}