{"Mean":{"confidence_interval":{"confidence_level":0.95,"lower_bound":-0.0768672337636982,"upper_bound":-0.038015633073677585},"point_estimate":-0.05939872796930101,"standard_error":0.009589184996624164},"Median":{"confidence_interval":{"confidence_level":0.95,"lower_bound":-0.06030957064447473,"upper_bound":-0.057902393696848464},"point_estimate":-0.05938519969329559,"standard_error":0.000625285950747456}}