{"Mean":{"confidence_interval":{"confidence_level":0.95,"lower_bound":0.06626096610347185,"upper_bound":0.09447611397823638},"point_estimate":0.08017356100501205,"standard_error":0.007043187976076912},"Median":{"confidence_interval":{"confidence_level":0.95,"lower_bound":0.0799303690038744,"upper_bound":0.08697588451229499},"point_estimate":0.08286774622580628,"standard_error":0.0018233024167923374}}