{"Mean":{"confidence_interval":{"confidence_level":0.95,"lower_bound":-0.011716403576099458,"upper_bound":0.0012755036818503157},"point_estimate":-0.004533539076646886,"standard_error":0.0032986792376866673},"Median":{"confidence_interval":{"confidence_level":0.95,"lower_bound":-0.0038767097369953873,"upper_bound":0.00016777523469357902},"point_estimate":-0.0012960285394351123,"standard_error":0.001011752977692462}}