{"Mean":{"confidence_interval":{"confidence_level":0.95,"lower_bound":0.09851248276691577,"upper_bound":0.12917883391097065},"point_estimate":0.110450242364456,"standard_error":0.008010297554429259},"Median":{"confidence_interval":{"confidence_level":0.95,"lower_bound":0.10083821584645203,"upper_bound":0.10328091234808778},"point_estimate":0.10184867026901445,"standard_error":0.0006508464812978023}}