{"Mean":{"confidence_interval":{"confidence_level":0.95,"lower_bound":-0.0042914222428908745,"upper_bound":0.03547051761343361},"point_estimate":0.013313302698509277,"standard_error":0.010240885015967123},"Median":{"confidence_interval":{"confidence_level":0.95,"lower_bound":0.000983381525785143,"upper_bound":0.004975271287129823},"point_estimate":0.003096852838204045,"standard_error":0.0010765659582767041}}