{"Mean":{"confidence_interval":{"confidence_level":0.95,"lower_bound":0.015451470943122459,"upper_bound":0.037086753129160294},"point_estimate":0.025290448627895312,"standard_error":0.005365501511775233},"Median":{"confidence_interval":{"confidence_level":0.95,"lower_bound":0.019505519221187928,"upper_bound":0.023358674139671853},"point_estimate":0.02117625438953863,"standard_error":0.0010350424390308773}}