{"Mean":{"confidence_interval":{"confidence_level":0.95,"lower_bound":-0.09200700086565376,"upper_bound":-0.06495675293095234},"point_estimate":-0.07861924828920175,"standard_error":0.006899680012565824},"Median":{"confidence_interval":{"confidence_level":0.95,"lower_bound":-0.10734762390126373,"upper_bound":-0.05929887557670366},"point_estimate":-0.09889682375272957,"standard_error":0.013426196954471626}}