{"Mean":{"confidence_interval":{"confidence_level":0.95,"lower_bound":0.05907279879596838,"upper_bound":0.08910305520263388},"point_estimate":0.07104666231152401,"standard_error":0.007468364624916607},"Median":{"confidence_interval":{"confidence_level":0.95,"lower_bound":0.06658405770662501,"upper_bound":0.06827181790330594},"point_estimate":0.06726515496399221,"standard_error":0.0004311795370631397}}