{"Mean":{"confidence_interval":{"confidence_level":0.95,"lower_bound":-0.007848443195757249,"upper_bound":0.010541511972941503},"point_estimate":0.0009434317641554557,"standard_error":0.004619216220630301},"Median":{"confidence_interval":{"confidence_level":0.95,"lower_bound":-0.00296265061366939,"upper_bound":0.004709723312917413},"point_estimate":0.0007558062933010756,"standard_error":0.0019086951907751702}}