{"Mean":{"confidence_interval":{"confidence_level":0.95,"lower_bound":-0.013100917496792812,"upper_bound":-0.0017367828237695728},"point_estimate":-0.007991891082086422,"standard_error":0.002826379762874873},"Median":{"confidence_interval":{"confidence_level":0.95,"lower_bound":-0.00927054890077772,"upper_bound":-0.004787143304737174},"point_estimate":-0.007248788068919265,"standard_error":0.0011632716676289933}}