{"Mean":{"confidence_interval":{"confidence_level":0.95,"lower_bound":-0.01756736458322866,"upper_bound":0.0006736688110998743},"point_estimate":-0.00825094257279213,"standard_error":0.004597439017603551},"Median":{"confidence_interval":{"confidence_level":0.95,"lower_bound":-0.012122873467033002,"upper_bound":-0.006681882099712433},"point_estimate":-0.009358838677468673,"standard_error":0.0013772364747511737}}