{"Mean":{"confidence_interval":{"confidence_level":0.95,"lower_bound":-0.028949610942204832,"upper_bound":-0.00869202368033161},"point_estimate":-0.018631114205150956,"standard_error":0.005055140655421896},"Median":{"confidence_interval":{"confidence_level":0.95,"lower_bound":-0.01644813786578936,"upper_bound":-0.011674864477811957},"point_estimate":-0.014282125482942942,"standard_error":0.0012126951563354647}}