{"Mean":{"confidence_interval":{"confidence_level":0.95,"lower_bound":0.020114227883744572,"upper_bound":0.04768009947180051},"point_estimate":0.03461929583542456,"standard_error":0.006969476619058651},"Median":{"confidence_interval":{"confidence_level":0.95,"lower_bound":0.0067156413271813875,"upper_bound":0.05657330647186405},"point_estimate":0.04943555328554239,"standard_error":0.014344837535271486}}