{"Mean":{"confidence_interval":{"confidence_level":0.95,"lower_bound":0.0009462106177933195,"upper_bound":0.018464168165559774},"point_estimate":0.009963632623730234,"standard_error":0.0044412817833324346},"Median":{"confidence_interval":{"confidence_level":0.95,"lower_bound":0.007344959659601861,"upper_bound":0.011678471454064754},"point_estimate":0.009247310744572301,"standard_error":0.0011438163036323313}}