{"Mean":{"confidence_interval":{"confidence_level":0.95,"lower_bound":0.003550969900941917,"upper_bound":0.03658248166065304},"point_estimate":0.02011306893098097,"standard_error":0.008394211002086462},"Median":{"confidence_interval":{"confidence_level":0.95,"lower_bound":0.015539896154778049,"upper_bound":0.01849736230257637},"point_estimate":0.017104902657105514,"standard_error":0.0007576093914472275}}