{"Mean":{"confidence_interval":{"confidence_level":0.95,"lower_bound":-0.015207221516879085,"upper_bound":0.02137657907885337},"point_estimate":0.002256648279229445,"standard_error":0.008741633063950802},"Median":{"confidence_interval":{"confidence_level":0.95,"lower_bound":-0.00047638618855191543,"upper_bound":0.0009588430499938294},"point_estimate":0.0003120488329879656,"standard_error":0.000362047114249096}}