{"Mean":{"confidence_interval":{"confidence_level":0.95,"lower_bound":-0.04420427595980606,"upper_bound":0.06983550477660072},"point_estimate":0.002207211650340879,"standard_error":0.02959156774378965},"Median":{"confidence_interval":{"confidence_level":0.95,"lower_bound":-0.00486199693434386,"upper_bound":-1.7530154418224895e-6},"point_estimate":-0.0019014376678562206,"standard_error":0.0012649541111932033}}