{"Mean":{"confidence_interval":{"confidence_level":0.95,"lower_bound":-0.01992594124971282,"upper_bound":0.01754440244982122},"point_estimate":-0.0006756245526001736,"standard_error":0.00920064943490148},"Median":{"confidence_interval":{"confidence_level":0.95,"lower_bound":-0.0032344009765205625,"upper_bound":0.0016163764795322777},"point_estimate":-0.0016421264288081217,"standard_error":0.0012499659054951882}}