{"Mean":{"confidence_interval":{"confidence_level":0.95,"lower_bound":-0.006118894966332852,"upper_bound":0.011238011548964902},"point_estimate":0.0025712914222317806,"standard_error":0.004381314220343793},"Median":{"confidence_interval":{"confidence_level":0.95,"lower_bound":0.0021504562232303077,"upper_bound":0.004808900785582715},"point_estimate":0.003676479490010376,"standard_error":0.0006474687433733027}}