{"Mean":{"confidence_interval":{"confidence_level":0.95,"lower_bound":-0.01898625240736527,"upper_bound":0.0028048090638543937},"point_estimate":-0.00799692346245251,"standard_error":0.005479377808518203},"Median":{"confidence_interval":{"confidence_level":0.95,"lower_bound":-0.008774822262841209,"upper_bound":-0.003968742671292165},"point_estimate":-0.006856369774250415,"standard_error":0.0012004903445444668}}