{"Mean":{"confidence_interval":{"confidence_level":0.95,"lower_bound":0.026023956963174232,"upper_bound":0.06332584552318501},"point_estimate":0.04319131443838109,"standard_error":0.009444919744218155},"Median":{"confidence_interval":{"confidence_level":0.95,"lower_bound":0.030863312161534262,"upper_bound":0.041808080346721566},"point_estimate":0.0364271190258576,"standard_error":0.0031227882530119933}}