{"Mean":{"confidence_interval":{"confidence_level":0.95,"lower_bound":-0.008017098767481409,"upper_bound":0.013378607022585434},"point_estimate":0.0021839254176319045,"standard_error":0.005290333155897564},"Median":{"confidence_interval":{"confidence_level":0.95,"lower_bound":-0.0016937622952073461,"upper_bound":0.0024059285271162967},"point_estimate":0.0004159572028699099,"standard_error":0.0010231864157890737}}