{"Mean":{"confidence_interval":{"confidence_level":0.95,"lower_bound":-0.020691645075224575,"upper_bound":-0.001868347067794644},"point_estimate":-0.01050222753183061,"standard_error":0.00477768009530133},"Median":{"confidence_interval":{"confidence_level":0.95,"lower_bound":-0.011140502149718179,"upper_bound":-0.005582495862093473},"point_estimate":-0.00869933105371723,"standard_error":0.0014500378973889825}}