{"Mean":{"confidence_interval":{"confidence_level":0.95,"lower_bound":0.11850444209132237,"upper_bound":0.16544323644247982},"point_estimate":0.14213746097032876,"standard_error":0.01166521474655766},"Median":{"confidence_interval":{"confidence_level":0.95,"lower_bound":0.1410951790413042,"upper_bound":0.14385553640194892},"point_estimate":0.14247933686856284,"standard_error":0.000730080711270545}}