{"Mean":{"confidence_interval":{"confidence_level":0.95,"lower_bound":-0.0020862391847884833,"upper_bound":0.01598912715985874},"point_estimate":0.007172352587080155,"standard_error":0.004488989737788326},"Median":{"confidence_interval":{"confidence_level":0.95,"lower_bound":0.0055932434631287276,"upper_bound":0.00952189545277693},"point_estimate":0.007465869636614331,"standard_error":0.0010117053792893414}}