{"Mean":{"confidence_interval":{"confidence_level":0.95,"lower_bound":-0.07541396135021611,"upper_bound":0.04347665979165227},"point_estimate":-0.009598437850390718,"standard_error":0.030429170686464332},"Median":{"confidence_interval":{"confidence_level":0.95,"lower_bound":0.001579591702560057,"upper_bound":0.00618456815410573},"point_estimate":0.003445244964243921,"standard_error":0.0012045453958513844}}