{"Mean":{"confidence_interval":{"confidence_level":0.95,"lower_bound":0.0658054727699278,"upper_bound":0.09280469001066118},"point_estimate":0.080069666727417,"standard_error":0.006819350927427766},"Median":{"confidence_interval":{"confidence_level":0.95,"lower_bound":0.07968175531170463,"upper_bound":0.08632989788797385},"point_estimate":0.0828320473284172,"standard_error":0.0017706027628089358}}