{"Mean":{"confidence_interval":{"confidence_level":0.95,"lower_bound":-0.06288789014017057,"upper_bound":-0.016960187687808784},"point_estimate":-0.04325508879249029,"standard_error":0.011370425543776895},"Median":{"confidence_interval":{"confidence_level":0.95,"lower_bound":-0.04714763531817901,"upper_bound":-0.044041904673194354},"point_estimate":-0.04582020931498387,"standard_error":0.0008081477651697609}}