{"Mean":{"confidence_interval":{"confidence_level":0.95,"lower_bound":-0.0076614928782329835,"upper_bound":0.008982846208826993},"point_estimate":0.0009232349246930394,"standard_error":0.004211738492316524},"Median":{"confidence_interval":{"confidence_level":0.95,"lower_bound":-0.0019272892656125862,"upper_bound":0.0024441100374168467},"point_estimate":0.00011496168435165544,"standard_error":0.0010373280246354845}}