{"Mean":{"confidence_interval":{"confidence_level":0.95,"lower_bound":0.06151094531491635,"upper_bound":0.08633719982428324},"point_estimate":0.07198285880338995,"standard_error":0.006348585773102249},"Median":{"confidence_interval":{"confidence_level":0.95,"lower_bound":0.07021487187602707,"upper_bound":0.07207621828251076},"point_estimate":0.07116805563271922,"standard_error":0.0004780465303264661}}