{"Mean":{"confidence_interval":{"confidence_level":0.95,"lower_bound":1337139.0309086014,"upper_bound":1352516.983048377},"point_estimate":1343147.1890129184,"standard_error":4094.327976502432},"Median":{"confidence_interval":{"confidence_level":0.95,"lower_bound":1334831.8036036035,"upper_bound":1338909.397260274},"point_estimate":1336425.2555555557,"standard_error":1103.8737598420405},"MedianAbsDev":{"confidence_interval":{"confidence_level":0.95,"lower_bound":4028.3134280990425,"upper_bound":6879.617831916708},"point_estimate":5619.5670900618725,"standard_error":690.5518801134505},"Slope":{"confidence_interval":{"confidence_level":0.95,"lower_bound":1337555.2278421982,"upper_bound":1340077.8477510652},"point_estimate":1338799.9305452933,"standard_error":643.3428034948159},"StdDev":{"confidence_interval":{"confidence_level":0.95,"lower_bound":5951.296486251303,"upper_bound":67804.74810329676},"point_estimate":41203.9031543061,"standard_error":18171.413804969594}}