{"Mean":{"confidence_interval":{"confidence_level":0.95,"lower_bound":1587043.5383017312,"upper_bound":1608798.2076279828},"point_estimate":1595020.1296674057,"standard_error":6263.750226757343},"Median":{"confidence_interval":{"confidence_level":0.95,"lower_bound":1583833.5466911765,"upper_bound":1588818.298888889},"point_estimate":1585364.5924657534,"standard_error":1230.0696334725087},"MedianAbsDev":{"confidence_interval":{"confidence_level":0.95,"lower_bound":7794.945331858729,"upper_bound":12140.363612051664},"point_estimate":10255.189782207884,"standard_error":1120.897413032969},"Slope":{"confidence_interval":{"confidence_level":0.95,"lower_bound":1585593.0534936634,"upper_bound":1590575.3387874193},"point_estimate":1587944.7679001035,"standard_error":1271.1902053989475},"StdDev":{"confidence_interval":{"confidence_level":0.95,"lower_bound":10145.222690824894,"upper_bound":107072.55000266344},"point_estimate":63152.828608542266,"standard_error":33880.077543396495}}