{"Mean":{"confidence_interval":{"confidence_level":0.95,"lower_bound":1484225.7333547696,"upper_bound":1492647.4274845738},"point_estimate":1487916.1126902495,"standard_error":2164.302265702251},"Median":{"confidence_interval":{"confidence_level":0.95,"lower_bound":1481453.914893617,"upper_bound":1485742.7142857143},"point_estimate":1483474.8344117648,"standard_error":895.3666092717201},"MedianAbsDev":{"confidence_interval":{"confidence_level":0.95,"lower_bound":6236.1015945305435,"upper_bound":11118.423295080882},"point_estimate":9520.22595007314,"standard_error":1281.8564735857713},"Slope":{"confidence_interval":{"confidence_level":0.95,"lower_bound":1484212.116557953,"upper_bound":1489993.9573590925},"point_estimate":1486901.521137875,"standard_error":1478.7265604950949},"StdDev":{"confidence_interval":{"confidence_level":0.95,"lower_bound":10365.054523065794,"upper_bound":33047.27776024539},"point_estimate":21807.13747936213,"standard_error":6596.74019448026}}