{"Mean":{"confidence_interval":{"confidence_level":0.95,"lower_bound":1510335.7503907243,"upper_bound":1535652.7015399598},"point_estimate":1519248.725274414,"standard_error":7712.039585650341},"Median":{"confidence_interval":{"confidence_level":0.95,"lower_bound":1507910.755778302,"upper_bound":1511307.5831182795},"point_estimate":1509142.3534663864,"standard_error":814.8574629602693},"MedianAbsDev":{"confidence_interval":{"confidence_level":0.95,"lower_bound":4525.274962214056,"upper_bound":8207.204275016376},"point_estimate":6324.159586579579,"standard_error":879.3324522438402},"Slope":{"confidence_interval":{"confidence_level":0.95,"lower_bound":1510268.2702311706,"upper_bound":1514634.2133752739},"point_estimate":1512339.2909501996,"standard_error":1115.1569219120186},"StdDev":{"confidence_interval":{"confidence_level":0.95,"lower_bound":7245.873612563085,"upper_bound":132274.05267936795},"point_estimate":77353.77908518698,"standard_error":44851.95821869586}}