{"Mean":{"confidence_interval":{"confidence_level":0.95,"lower_bound":1609838.460646698,"upper_bound":1620273.1200726249},"point_estimate":1614150.6328088643,"standard_error":2734.116948212887},"Median":{"confidence_interval":{"confidence_level":0.95,"lower_bound":1609352.8,"upper_bound":1612312.1379310344},"point_estimate":1610345.9613927738,"standard_error":751.6882692929705},"MedianAbsDev":{"confidence_interval":{"confidence_level":0.95,"lower_bound":5769.637856929743,"upper_bound":9251.77473682936},"point_estimate":8039.474022697299,"standard_error":847.8308126039624},"Slope":{"confidence_interval":{"confidence_level":0.95,"lower_bound":1609667.6945374697,"upper_bound":1618690.076632929},"point_estimate":1613185.5513107728,"standard_error":2381.7646893856486},"StdDev":{"confidence_interval":{"confidence_level":0.95,"lower_bound":6769.482181604298,"upper_bound":43803.770953879146},"point_estimate":27489.13305746926,"standard_error":10342.450654067687}}