{"Mean":{"confidence_interval":{"confidence_level":0.95,"lower_bound":1611068.768536208,"upper_bound":1650380.7634745429},"point_estimate":1626006.156836381,"standard_error":10489.02351655221},"Median":{"confidence_interval":{"confidence_level":0.95,"lower_bound":1606178.252631579,"upper_bound":1609954.976923077},"point_estimate":1608669.9754901961,"standard_error":1013.6850015806363},"MedianAbsDev":{"confidence_interval":{"confidence_level":0.95,"lower_bound":6800.262479270912,"upper_bound":12732.63906417952},"point_estimate":9848.025456731231,"standard_error":1454.6379201371008},"Slope":{"confidence_interval":{"confidence_level":0.95,"lower_bound":1607018.8025175398,"upper_bound":1611769.0681051095},"point_estimate":1609260.313246638,"standard_error":1214.4690793991824},"StdDev":{"confidence_interval":{"confidence_level":0.95,"lower_bound":12011.912863600453,"upper_bound":175616.279228443},"point_estimate":105714.9143456721,"standard_error":49195.10383812596}}