{"Mean":{"confidence_interval":{"confidence_level":0.95,"lower_bound":1604307.8680538095,"upper_bound":1647315.3973525998},"point_estimate":1620112.3153432228,"standard_error":11927.53773391952},"Median":{"confidence_interval":{"confidence_level":0.95,"lower_bound":1601534.2727272727,"upper_bound":1604972.3742650384},"point_estimate":1602935.845338983,"standard_error":887.0549591296023},"MedianAbsDev":{"confidence_interval":{"confidence_level":0.95,"lower_bound":5078.634978017862,"upper_bound":8016.033384715994},"point_estimate":6253.031699793579,"standard_error":707.0900679587628},"Slope":{"confidence_interval":{"confidence_level":0.95,"lower_bound":1604556.9206105252,"upper_bound":1607210.9167119206},"point_estimate":1605863.3363794887,"standard_error":675.0415260977279},"StdDev":{"confidence_interval":{"confidence_level":0.95,"lower_bound":8099.347480490318,"upper_bound":201774.63340627326},"point_estimate":119550.18784413974,"standard_error":61624.21456536258}}