{"Mean":{"confidence_interval":{"confidence_level":0.95,"lower_bound":1693879.7164905316,"upper_bound":1730676.027659521},"point_estimate":1707404.4208907355,"standard_error":10154.332988697406},"Median":{"confidence_interval":{"confidence_level":0.95,"lower_bound":1691517.375,"upper_bound":1693297.3717948718},"point_estimate":1692208.5942028984,"standard_error":432.86605121135534},"MedianAbsDev":{"confidence_interval":{"confidence_level":0.95,"lower_bound":2940.224257840341,"upper_bound":5373.4332574553055},"point_estimate":3875.128849753283,"standard_error":643.8584982025164},"Slope":{"confidence_interval":{"confidence_level":0.95,"lower_bound":1693563.5620450869,"upper_bound":1709072.4068840186},"point_estimate":1698944.576716418,"standard_error":4348.663851014125},"StdDev":{"confidence_interval":{"confidence_level":0.95,"lower_bound":6276.3135170311825,"upper_bound":171022.20280335992},"point_estimate":101871.55810765433,"standard_error":51123.178582790046}}