{"Mean":{"confidence_interval":{"confidence_level":0.95,"lower_bound":1592280.6490689162,"upper_bound":1632588.145124981},"point_estimate":1606825.4900837347,"standard_error":11637.331222517427},"Median":{"confidence_interval":{"confidence_level":0.95,"lower_bound":1587844.1904761905,"upper_bound":1593357.843137255},"point_estimate":1589888.8475397842,"standard_error":1421.6158053641436},"MedianAbsDev":{"confidence_interval":{"confidence_level":0.95,"lower_bound":7152.819665659202,"upper_bound":12245.540378409454},"point_estimate":9103.392480214301,"standard_error":1283.2951013936313},"Slope":{"confidence_interval":{"confidence_level":0.95,"lower_bound":1592228.2285006458,"upper_bound":1598739.5359750262},"point_estimate":1595283.694883996,"standard_error":1671.1824569582955},"StdDev":{"confidence_interval":{"confidence_level":0.95,"lower_bound":12113.428012035027,"upper_bound":199353.20025151956},"point_estimate":117345.79122696629,"standard_error":63809.500703431346}}