{"Mean":{"confidence_interval":{"confidence_level":0.95,"lower_bound":1622795.0701567968,"upper_bound":1647875.8800145062},"point_estimate":1632299.8286705285,"standard_error":6818.1658271158585},"Median":{"confidence_interval":{"confidence_level":0.95,"lower_bound":1615217.7391304348,"upper_bound":1624100.1188271604},"point_estimate":1620305.4142857143,"standard_error":2240.920113528009},"MedianAbsDev":{"confidence_interval":{"confidence_level":0.95,"lower_bound":9845.42076018641,"upper_bound":18790.859658697016},"point_estimate":14722.200824045327,"standard_error":2306.393210406088},"Slope":{"confidence_interval":{"confidence_level":0.95,"lower_bound":1622941.0987706375,"upper_bound":1633723.7043895253},"point_estimate":1628125.4222107285,"standard_error":2750.2713219329917},"StdDev":{"confidence_interval":{"confidence_level":0.95,"lower_bound":16338.44894650471,"upper_bound":114565.89082844305},"point_estimate":68695.2309599899,"standard_error":33190.86180250849}}