{"Mean":{"confidence_interval":{"confidence_level":0.95,"lower_bound":1530607.9687928979,"upper_bound":1605008.502740039},"point_estimate":1562753.2096681253,"standard_error":19182.652250426592},"Median":{"confidence_interval":{"confidence_level":0.95,"lower_bound":1512956.2698412698,"upper_bound":1519994.2525659823},"point_estimate":1515452.6099201343,"standard_error":1835.0943151650583},"MedianAbsDev":{"confidence_interval":{"confidence_level":0.95,"lower_bound":7597.739146594771,"upper_bound":14503.917272362974},"point_estimate":10158.074902991415,"standard_error":1742.3422876180105},"Slope":{"confidence_interval":{"confidence_level":0.95,"lower_bound":1521111.9463716673,"upper_bound":1600900.4849848321},"point_estimate":1557206.8646756317,"standard_error":20293.69079843558},"StdDev":{"confidence_interval":{"confidence_level":0.95,"lower_bound":64385.67650917819,"upper_bound":291022.79588152515},"point_estimate":192182.5063754595,"standard_error":58576.77049193441}}