{"Mean":{"confidence_interval":{"confidence_level":0.95,"lower_bound":1454203.0591818104,"upper_bound":1470938.385076261},"point_estimate":1461087.0056053633,"standard_error":4381.693504609574},"Median":{"confidence_interval":{"confidence_level":0.95,"lower_bound":1448579.3943661973,"upper_bound":1456937.015625},"point_estimate":1452290.342857143,"standard_error":2147.9749999022342},"MedianAbsDev":{"confidence_interval":{"confidence_level":0.95,"lower_bound":11153.358413471457,"upper_bound":18602.00911649034},"point_estimate":15053.1101398506,"standard_error":1917.993956518255},"Slope":{"confidence_interval":{"confidence_level":0.95,"lower_bound":1453862.2244600877,"upper_bound":1462108.8618898033},"point_estimate":1457837.348671494,"standard_error":2100.1701312270743},"StdDev":{"confidence_interval":{"confidence_level":0.95,"lower_bound":14702.34415518301,"upper_bound":70975.64444040983},"point_estimate":44131.86993391796,"standard_error":17340.170456827098}}