{"Mean":{"confidence_interval":{"confidence_level":0.95,"lower_bound":1581488.6752019632,"upper_bound":1605147.947024791},"point_estimate":1590262.431529583,"standard_error":6558.468190533073},"Median":{"confidence_interval":{"confidence_level":0.95,"lower_bound":1577134.3833333333,"upper_bound":1581855.2875},"point_estimate":1579020.1754658385,"standard_error":1220.2126701156617},"MedianAbsDev":{"confidence_interval":{"confidence_level":0.95,"lower_bound":6233.89494245343,"upper_bound":11877.961429197632},"point_estimate":8385.642526884816,"standard_error":1362.673821654523},"Slope":{"confidence_interval":{"confidence_level":0.95,"lower_bound":1582184.8753393379,"upper_bound":1591469.1181074183},"point_estimate":1586412.1850214275,"standard_error":2372.99251734757},"StdDev":{"confidence_interval":{"confidence_level":0.95,"lower_bound":11165.832334031395,"upper_bound":110571.31219916754},"point_estimate":65756.22887098834,"standard_error":33274.153158730245}}