{"Mean":{"confidence_interval":{"confidence_level":0.95,"lower_bound":1683273.036765053,"upper_bound":1715137.004659533},"point_estimate":1698691.787086478,"standard_error":8148.1805256197085},"Median":{"confidence_interval":{"confidence_level":0.95,"lower_bound":1655487.7936274512,"upper_bound":1719852.0721153845},"point_estimate":1695794.7121212122,"standard_error":15242.159352094946},"MedianAbsDev":{"confidence_interval":{"confidence_level":0.95,"lower_bound":64023.98046740151,"upper_bound":103784.7968335385},"point_estimate":90419.01246842578,"standard_error":9468.634855335225},"Slope":{"confidence_interval":{"confidence_level":0.95,"lower_bound":1636507.3006679818,"upper_bound":1656638.562276166},"point_estimate":1645698.0317688785,"standard_error":5131.106480493257},"StdDev":{"confidence_interval":{"confidence_level":0.95,"lower_bound":64809.098614094255,"upper_bound":99830.24029113473},"point_estimate":82144.17707724213,"standard_error":9094.93261572205}}