{"Mean":{"confidence_interval":{"confidence_level":0.95,"lower_bound":1584161.8874271766,"upper_bound":1614642.6830782401},"point_estimate":1594770.7936188634,"standard_error":9366.39537772555},"Median":{"confidence_interval":{"confidence_level":0.95,"lower_bound":1582432.185315511,"upper_bound":1584748.2189325113},"point_estimate":1583574.1274671052,"standard_error":588.1309241239826},"MedianAbsDev":{"confidence_interval":{"confidence_level":0.95,"lower_bound":3574.102465028676,"upper_bound":5994.0108871882585},"point_estimate":4975.331936670111,"standard_error":628.3165230086822},"Slope":{"confidence_interval":{"confidence_level":0.95,"lower_bound":1583696.0208904273,"upper_bound":1586460.2874562626},"point_estimate":1584997.8884971184,"standard_error":705.8337449881698},"StdDev":{"confidence_interval":{"confidence_level":0.95,"lower_bound":6328.937063704255,"upper_bound":160200.29350753056},"point_estimate":93657.35600015266,"standard_error":54794.719569058085}}