{"Mean":{"confidence_interval":{"confidence_level":0.95,"lower_bound":1614495.9170196545,"upper_bound":1632190.0251203505},"point_estimate":1621501.7744662594,"standard_error":4688.939545090581},"Median":{"confidence_interval":{"confidence_level":0.95,"lower_bound":1610701.8902439023,"upper_bound":1616278.9337433605},"point_estimate":1612435.724109224,"standard_error":1449.1781008531439},"MedianAbsDev":{"confidence_interval":{"confidence_level":0.95,"lower_bound":7698.702838796377,"upper_bound":12125.869393720432},"point_estimate":10304.218122431086,"standard_error":1172.2015054302067},"Slope":{"confidence_interval":{"confidence_level":0.95,"lower_bound":1616325.3086798484,"upper_bound":1627064.223585725},"point_estimate":1621357.2090143343,"standard_error":2755.443478775532},"StdDev":{"confidence_interval":{"confidence_level":0.95,"lower_bound":12679.406179453412,"upper_bound":77344.38601366231},"point_estimate":47219.787211039664,"standard_error":20467.361038534025}}