{"Mean":{"confidence_interval":{"confidence_level":0.95,"lower_bound":1470076.8970626674,"upper_bound":1499244.1989043234},"point_estimate":1481712.2039825653,"standard_error":7657.662597270695},"Median":{"confidence_interval":{"confidence_level":0.95,"lower_bound":1461842.6029856387,"upper_bound":1470565.0},"point_estimate":1466543.7908730158,"standard_error":2098.5375439041945},"MedianAbsDev":{"confidence_interval":{"confidence_level":0.95,"lower_bound":11116.5547307676,"upper_bound":19736.60068894364},"point_estimate":14828.031519173963,"standard_error":2183.8309312870006},"Slope":{"confidence_interval":{"confidence_level":0.95,"lower_bound":1469436.7577832255,"upper_bound":1493960.3600431008},"point_estimate":1480367.6306664697,"standard_error":6313.364896060468},"StdDev":{"confidence_interval":{"confidence_level":0.95,"lower_bound":21011.979909976915,"upper_bound":125093.30119824855},"point_estimate":76883.8708832797,"standard_error":31773.81208356412}}