{"Mean":{"confidence_interval":{"confidence_level":0.95,"lower_bound":1607072.5103095702,"upper_bound":1623294.4307878911},"point_estimate":1613225.4243195252,"standard_error":4432.584855783526},"Median":{"confidence_interval":{"confidence_level":0.95,"lower_bound":1603392.1304347827,"upper_bound":1609055.5057471264},"point_estimate":1606769.337732292,"standard_error":1559.106299515637},"MedianAbsDev":{"confidence_interval":{"confidence_level":0.95,"lower_bound":6708.845001197217,"upper_bound":11362.350246323887},"point_estimate":8492.46580987472,"standard_error":1239.048677106268},"Slope":{"confidence_interval":{"confidence_level":0.95,"lower_bound":1607594.6726072764,"upper_bound":1614221.7966001716},"point_estimate":1610716.5953716566,"standard_error":1698.5896282913543},"StdDev":{"confidence_interval":{"confidence_level":0.95,"lower_bound":10397.284170516077,"upper_bound":74332.49150946451},"point_estimate":44518.34046749885,"standard_error":21709.169083617442}}