{"Mean":{"confidence_interval":{"confidence_level":0.95,"lower_bound":1520048.1496756747,"upper_bound":1559908.122370445},"point_estimate":1536998.8085314538,"standard_error":10289.040420042342},"Median":{"confidence_interval":{"confidence_level":0.95,"lower_bound":1501731.0972222222,"upper_bound":1524351.0638326586},"point_estimate":1512860.0468460112,"standard_error":5669.695210242751},"MedianAbsDev":{"confidence_interval":{"confidence_level":0.95,"lower_bound":23639.80564079806,"upper_bound":44791.11388759736},"point_estimate":30255.515570404474,"standard_error":5498.8039972613315},"Slope":{"confidence_interval":{"confidence_level":0.95,"lower_bound":1507668.7009977535,"upper_bound":1523335.1556085604},"point_estimate":1514993.4470459584,"standard_error":4001.733827616325},"StdDev":{"confidence_interval":{"confidence_level":0.95,"lower_bound":37439.59097910239,"upper_bound":160919.37002459733},"point_estimate":103583.98918861781,"standard_error":34324.20894157046}}