{"Mean":{"confidence_interval":{"confidence_level":0.95,"lower_bound":1566345.6022342008,"upper_bound":1599001.8235523086},"point_estimate":1577585.5284534749,"standard_error":10268.123943114406},"Median":{"confidence_interval":{"confidence_level":0.95,"lower_bound":1564425.6666666667,"upper_bound":1566087.9666666666},"point_estimate":1565107.179233871,"standard_error":441.30607377178364},"MedianAbsDev":{"confidence_interval":{"confidence_level":0.95,"lower_bound":1902.209405052628,"upper_bound":3773.4696558713604},"point_estimate":2829.7094869025896,"standard_error":488.76744337604316},"Slope":{"confidence_interval":{"confidence_level":0.95,"lower_bound":1565828.8584022385,"upper_bound":1568056.0834222334},"point_estimate":1566874.062263928,"standard_error":570.1861917427073},"StdDev":{"confidence_interval":{"confidence_level":0.95,"lower_bound":4560.507582986816,"upper_bound":176595.96255170106},"point_estimate":103089.94134892058,"standard_error":61816.69297832021}}