{"Mean":{"confidence_interval":{"confidence_level":0.95,"lower_bound":1590236.0743021907,"upper_bound":1628602.2148628163},"point_estimate":1604887.7045898456,"standard_error":10329.714150147674},"Median":{"confidence_interval":{"confidence_level":0.95,"lower_bound":1581640.293154762,"upper_bound":1584690.690819672},"point_estimate":1583421.8507348103,"standard_error":871.235951470624},"MedianAbsDev":{"confidence_interval":{"confidence_level":0.95,"lower_bound":4248.7748087797,"upper_bound":8394.057709954961},"point_estimate":6431.902049895869,"standard_error":1095.6437069607719},"Slope":{"confidence_interval":{"confidence_level":0.95,"lower_bound":1586974.9528675128,"upper_bound":1598361.290328771},"point_estimate":1592124.5989005468,"standard_error":2926.544460871733},"StdDev":{"confidence_interval":{"confidence_level":0.95,"lower_bound":24323.39037306109,"upper_bound":172373.25630387804},"point_estimate":103867.18333756758,"standard_error":48795.73703812605}}