{"Mean":{"confidence_interval":{"confidence_level":0.95,"lower_bound":1480346.4466675879,"upper_bound":1512568.0412033894},"point_estimate":1493125.1724568147,"standard_error":8489.098640214952},"Median":{"confidence_interval":{"confidence_level":0.95,"lower_bound":1475192.747368421,"upper_bound":1478304.3130699089},"point_estimate":1476236.5044757035,"standard_error":919.3202249963265},"MedianAbsDev":{"confidence_interval":{"confidence_level":0.95,"lower_bound":5177.1877812894745,"upper_bound":9026.068343403867},"point_estimate":6939.262049949044,"standard_error":919.3670524284462},"Slope":{"confidence_interval":{"confidence_level":0.95,"lower_bound":1476384.777299889,"upper_bound":1487895.9883537586},"point_estimate":1481204.6637712428,"standard_error":2993.9876849106336},"StdDev":{"confidence_interval":{"confidence_level":0.95,"lower_bound":15168.727183132101,"upper_bound":139921.83603680454},"point_estimate":85425.28008506143,"standard_error":36295.42136336712}}