{"Mean":{"confidence_interval":{"confidence_level":0.95,"lower_bound":1598560.6126840091,"upper_bound":1629909.849073961},"point_estimate":1609455.233945098,"standard_error":9680.308087029029},"Median":{"confidence_interval":{"confidence_level":0.95,"lower_bound":1596849.3030925014,"upper_bound":1598723.5483870967},"point_estimate":1597721.8246799433,"standard_error":506.7224263684309},"MedianAbsDev":{"confidence_interval":{"confidence_level":0.95,"lower_bound":3534.2038015655435,"upper_bound":6083.590483335212},"point_estimate":4797.549373159767,"standard_error":609.6499979284703},"Slope":{"confidence_interval":{"confidence_level":0.95,"lower_bound":1598171.4088953396,"upper_bound":1600265.1876995375},"point_estimate":1599176.7219417763,"standard_error":533.0611395543883},"StdDev":{"confidence_interval":{"confidence_level":0.95,"lower_bound":5498.763567400107,"upper_bound":165843.31259583295},"point_estimate":96938.5088117531,"standard_error":57014.7392334339}}