{"Mean":{"confidence_interval":{"confidence_level":0.95,"lower_bound":1736988.6320697567,"upper_bound":1759541.8804209507},"point_estimate":1745272.4619106003,"standard_error":6357.4063709637185},"Median":{"confidence_interval":{"confidence_level":0.95,"lower_bound":1733329.043478261,"upper_bound":1736493.0140449437},"point_estimate":1734889.6160541587,"standard_error":844.1099041892868},"MedianAbsDev":{"confidence_interval":{"confidence_level":0.95,"lower_bound":3653.711340196821,"upper_bound":7265.205939148379},"point_estimate":5174.392906293977,"standard_error":917.3063299762794},"Slope":{"confidence_interval":{"confidence_level":0.95,"lower_bound":1736094.5373890854,"upper_bound":1742603.599782112},"point_estimate":1738947.554145116,"standard_error":1676.0366592426315},"StdDev":{"confidence_interval":{"confidence_level":0.95,"lower_bound":9702.169801951042,"upper_bound":107593.1405371628},"point_estimate":63742.77924562862,"standard_error":33245.9486630106}}