{"Mean":{"confidence_interval":{"confidence_level":0.95,"lower_bound":1602451.5289166032,"upper_bound":1623946.485424228},"point_estimate":1610219.2874140688,"standard_error":6234.3723879855415},"Median":{"confidence_interval":{"confidence_level":0.95,"lower_bound":1599421.0,"upper_bound":1602523.7857142857},"point_estimate":1601230.1647465439,"standard_error":804.2257478979457},"MedianAbsDev":{"confidence_interval":{"confidence_level":0.95,"lower_bound":3815.910490100034,"upper_bound":7247.530111040064},"point_estimate":5760.621200166406,"standard_error":886.3613832648016},"Slope":{"confidence_interval":{"confidence_level":0.95,"lower_bound":1602112.5591300651,"upper_bound":1606070.8766160896},"point_estimate":1603952.6971183685,"standard_error":1014.8827659791012},"StdDev":{"confidence_interval":{"confidence_level":0.95,"lower_bound":7410.7004070180665,"upper_bound":105945.34152039036},"point_estimate":62414.34211913117,"standard_error":33910.12600385527}}