{"Mean":{"confidence_interval":{"confidence_level":0.95,"lower_bound":1486768.4537905904,"upper_bound":1544595.3412201053},"point_estimate":1511657.3145587463,"standard_error":14833.795995780863},"Median":{"confidence_interval":{"confidence_level":0.95,"lower_bound":1481315.7917888565,"upper_bound":1488239.2710784313},"point_estimate":1485179.6714285715,"standard_error":1854.3866660658898},"MedianAbsDev":{"confidence_interval":{"confidence_level":0.95,"lower_bound":10790.549299977998,"upper_bound":19227.598841182615},"point_estimate":14967.739452690454,"standard_error":2199.7022537815255},"Slope":{"confidence_interval":{"confidence_level":0.95,"lower_bound":1486940.479655061,"upper_bound":1495413.0026861087},"point_estimate":1490934.2181853112,"standard_error":2161.8201690575925},"StdDev":{"confidence_interval":{"confidence_level":0.95,"lower_bound":14694.993947323728,"upper_bound":227010.9238957135},"point_estimate":149459.80995012683,"standard_error":51223.242223077636}}