{"Mean":{"confidence_interval":{"confidence_level":0.95,"lower_bound":1313480.840971382,"upper_bound":1333592.59559657},"point_estimate":1321131.234209133,"standard_error":5359.347399067479},"Median":{"confidence_interval":{"confidence_level":0.95,"lower_bound":1309670.9841269841,"upper_bound":1313751.0837613917},"point_estimate":1311460.0639097744,"standard_error":1065.9447044680248},"MedianAbsDev":{"confidence_interval":{"confidence_level":0.95,"lower_bound":5342.069093374215,"upper_bound":9530.426457157662},"point_estimate":7044.182907667977,"standard_error":1130.6323884553983},"Slope":{"confidence_interval":{"confidence_level":0.95,"lower_bound":1312848.8231513635,"upper_bound":1319929.6921859756},"point_estimate":1315842.8739411852,"standard_error":1843.1204392338807},"StdDev":{"confidence_interval":{"confidence_level":0.95,"lower_bound":9441.296091517039,"upper_bound":89424.41374209242},"point_estimate":53841.23721568813,"standard_error":24794.77207913956}}