{"Mean":{"confidence_interval":{"confidence_level":0.95,"lower_bound":1609534.6302290258,"upper_bound":1626500.6910530068},"point_estimate":1616185.8187952458,"standard_error":4539.6197802858005},"Median":{"confidence_interval":{"confidence_level":0.95,"lower_bound":1602707.9666666666,"upper_bound":1607379.0},"point_estimate":1604712.3108171942,"standard_error":1369.682978021931},"MedianAbsDev":{"confidence_interval":{"confidence_level":0.95,"lower_bound":3910.029597911098,"upper_bound":10268.103159924814},"point_estimate":6267.6464614543465,"standard_error":1727.3496526719744},"Slope":{"confidence_interval":{"confidence_level":0.95,"lower_bound":1609193.1766896313,"upper_bound":1616771.2026880777},"point_estimate":1612811.6993586523,"standard_error":1945.19567154549},"StdDev":{"confidence_interval":{"confidence_level":0.95,"lower_bound":13257.987697003911,"upper_bound":75065.22067336903},"point_estimate":45644.663579680986,"standard_error":20481.40271208787}}