{"Mean":{"confidence_interval":{"confidence_level":0.95,"lower_bound":1110340.4321668865,"upper_bound":1126029.5258353183},"point_estimate":1116630.8030616206,"standard_error":4110.515788565698},"Median":{"confidence_interval":{"confidence_level":0.95,"lower_bound":1103806.2592592593,"upper_bound":1107350.284057971},"point_estimate":1105885.5148902822,"standard_error":995.3290090624904},"MedianAbsDev":{"confidence_interval":{"confidence_level":0.95,"lower_bound":4842.105620702066,"upper_bound":10234.148259034688},"point_estimate":7530.088096447822,"standard_error":1408.9520714086932},"Slope":{"confidence_interval":{"confidence_level":0.95,"lower_bound":1107936.7344859813,"upper_bound":1114203.3453998126},"point_estimate":1110910.8926673562,"standard_error":1604.3770205167837},"StdDev":{"confidence_interval":{"confidence_level":0.95,"lower_bound":14516.818936453583,"upper_bound":66668.85788323698},"point_estimate":41283.974144717366,"standard_error":16975.564299049474}}