{"Mean":{"confidence_interval":{"confidence_level":0.95,"lower_bound":1534846.1718305903,"upper_bound":1575394.002625396},"point_estimate":1549468.456186465,"standard_error":11571.61760901877},"Median":{"confidence_interval":{"confidence_level":0.95,"lower_bound":1531500.3740935232,"upper_bound":1534202.4373614192},"point_estimate":1532518.5510489512,"standard_error":776.9288605668809},"MedianAbsDev":{"confidence_interval":{"confidence_level":0.95,"lower_bound":3879.579546913163,"upper_bound":7280.300110748912},"point_estimate":5335.624345194677,"standard_error":894.5970597409986},"Slope":{"confidence_interval":{"confidence_level":0.95,"lower_bound":1532463.7542083405,"upper_bound":1537274.6052257328},"point_estimate":1534527.212232895,"standard_error":1234.449046116377},"StdDev":{"confidence_interval":{"confidence_level":0.95,"lower_bound":8308.23406540181,"upper_bound":197343.35860883573},"point_estimate":116337.7646152113,"standard_error":62489.50551798947}}