{"Mean":{"confidence_interval":{"confidence_level":0.95,"lower_bound":1589846.2893117128,"upper_bound":1613105.1788748973},"point_estimate":1598465.3394855207,"standard_error":6486.19234045674},"Median":{"confidence_interval":{"confidence_level":0.95,"lower_bound":1586061.062900641,"upper_bound":1591254.8902439023},"point_estimate":1587691.744458763,"standard_error":1370.925487314733},"MedianAbsDev":{"confidence_interval":{"confidence_level":0.95,"lower_bound":4795.32458183023,"upper_bound":9558.473881165237},"point_estimate":6854.886419169614,"standard_error":1182.9854417705185},"Slope":{"confidence_interval":{"confidence_level":0.95,"lower_bound":1589951.4564841113,"upper_bound":1594383.6988369236},"point_estimate":1592111.1539500516,"standard_error":1131.5040895041345},"StdDev":{"confidence_interval":{"confidence_level":0.95,"lower_bound":8366.751234323981,"upper_bound":109857.1629862212},"point_estimate":65191.070053871736,"standard_error":33432.99620835153}}