{"Mean":{"confidence_interval":{"confidence_level":0.95,"lower_bound":1593400.6778294777,"upper_bound":1616302.330569314},"point_estimate":1601822.3924885162,"standard_error":6443.1097870074755},"Median":{"confidence_interval":{"confidence_level":0.95,"lower_bound":1591311.72,"upper_bound":1596403.2916666667},"point_estimate":1593834.5601851852,"standard_error":1497.6118224759996},"MedianAbsDev":{"confidence_interval":{"confidence_level":0.95,"lower_bound":7259.662314990339,"upper_bound":12541.903774424476},"point_estimate":10141.63513512088,"standard_error":1338.7260282849547},"Slope":{"confidence_interval":{"confidence_level":0.95,"lower_bound":1588258.59205863,"upper_bound":1593811.7922804118},"point_estimate":1590859.939101522,"standard_error":1419.8592917075925},"StdDev":{"confidence_interval":{"confidence_level":0.95,"lower_bound":10041.020212895066,"upper_bound":109542.64171438334},"point_estimate":64785.47667066633,"standard_error":33743.87211230138}}