{"Mean":{"confidence_interval":{"confidence_level":0.95,"lower_bound":1492753.7666121172,"upper_bound":1515888.5667529244},"point_estimate":1502783.4017090136,"standard_error":5998.075537600775},"Median":{"confidence_interval":{"confidence_level":0.95,"lower_bound":1488363.8095238095,"upper_bound":1495333.488095238},"point_estimate":1492806.747044025,"standard_error":1917.542176855621},"MedianAbsDev":{"confidence_interval":{"confidence_level":0.95,"lower_bound":12658.767292777287,"upper_bound":20985.4752268082},"point_estimate":17283.28077201354,"standard_error":2139.582711744353},"Slope":{"confidence_interval":{"confidence_level":0.95,"lower_bound":1488678.3880135575,"upper_bound":1501945.771879592},"point_estimate":1494179.9712043742,"standard_error":3438.4617578877605},"StdDev":{"confidence_interval":{"confidence_level":0.95,"lower_bound":17147.567724670876,"upper_bound":90994.97232322935},"point_estimate":60244.167693195464,"standard_error":18889.71932028345}}