{"Mean":{"confidence_interval":{"confidence_level":0.95,"lower_bound":1642876.348314294,"upper_bound":1665535.4766573273},"point_estimate":1653632.4003940788,"standard_error":5777.424911735215},"Median":{"confidence_interval":{"confidence_level":0.95,"lower_bound":1611336.5894736843,"upper_bound":1679190.5263157894},"point_estimate":1665699.7738095238,"standard_error":14168.268465506104},"MedianAbsDev":{"confidence_interval":{"confidence_level":0.95,"lower_bound":25462.658010870877,"upper_bound":80760.01972933716},"point_estimate":58934.58761738131,"standard_error":14907.55395317081},"Slope":{"confidence_interval":{"confidence_level":0.95,"lower_bound":1610614.4984217144,"upper_bound":1623404.4899988677},"point_estimate":1616169.1389448796,"standard_error":3266.0319405178316},"StdDev":{"confidence_interval":{"confidence_level":0.95,"lower_bound":43285.18108835692,"upper_bound":77056.40965194927},"point_estimate":57850.23787060944,"standard_error":10223.678894006678}}