{"Mean":{"confidence_interval":{"confidence_level":0.95,"lower_bound":1610694.573772644,"upper_bound":1629059.2038905988},"point_estimate":1617751.0457220236,"standard_error":4918.091516540613},"Median":{"confidence_interval":{"confidence_level":0.95,"lower_bound":1605826.1538461538,"upper_bound":1612925.6702764975},"point_estimate":1609648.0984848484,"standard_error":1631.2369457667207},"MedianAbsDev":{"confidence_interval":{"confidence_level":0.95,"lower_bound":8516.257383406966,"upper_bound":13957.54074370577},"point_estimate":10907.449764687426,"standard_error":1372.6478876375306},"Slope":{"confidence_interval":{"confidence_level":0.95,"lower_bound":1610565.0445972912,"upper_bound":1620736.4797110688},"point_estimate":1615261.1798197133,"standard_error":2610.2764812607597},"StdDev":{"confidence_interval":{"confidence_level":0.95,"lower_bound":12762.698224950549,"upper_bound":81649.41111985315},"point_estimate":49340.86393872078,"standard_error":22760.721371250325}}