{"Mean":{"confidence_interval":{"confidence_level":0.95,"lower_bound":1607549.6200561123,"upper_bound":1642845.6708171458},"point_estimate":1619814.7354539055,"standard_error":10915.3170509561},"Median":{"confidence_interval":{"confidence_level":0.95,"lower_bound":1605047.4237113404,"upper_bound":1606745.811827957},"point_estimate":1605871.380952381,"standard_error":438.2888443958521},"MedianAbsDev":{"confidence_interval":{"confidence_level":0.95,"lower_bound":3652.043122885476,"upper_bound":6536.087106569966},"point_estimate":5069.602349996601,"standard_error":732.5475097600143},"Slope":{"confidence_interval":{"confidence_level":0.95,"lower_bound":1606969.7535089373,"upper_bound":1611675.0294681482},"point_estimate":1609149.2136219891,"standard_error":1205.4589772028137},"StdDev":{"confidence_interval":{"confidence_level":0.95,"lower_bound":7092.088549378703,"upper_bound":188646.41864601587},"point_estimate":110194.36264030199,"standard_error":64929.836247735206}}