{"Mean":{"confidence_interval":{"confidence_level":0.95,"lower_bound":1335917.897166711,"upper_bound":1351768.3208032846},"point_estimate":1342063.1398907274,"standard_error":4224.967782918432},"Median":{"confidence_interval":{"confidence_level":0.95,"lower_bound":1333619.31614654,"upper_bound":1335750.1241545894},"point_estimate":1334437.482026144,"standard_error":552.118348203423},"MedianAbsDev":{"confidence_interval":{"confidence_level":0.95,"lower_bound":3318.221572083045,"upper_bound":6468.18624498794},"point_estimate":4812.27927161065,"standard_error":850.9211245467786},"Slope":{"confidence_interval":{"confidence_level":0.95,"lower_bound":1335600.42947465,"upper_bound":1339913.3514346972},"point_estimate":1337503.3746711984,"standard_error":1102.8995414132569},"StdDev":{"confidence_interval":{"confidence_level":0.95,"lower_bound":6340.887079713211,"upper_bound":70266.96667095015},"point_estimate":42471.56502811273,"standard_error":19165.751632682885}}