{"Mean":{"confidence_interval":{"confidence_level":0.95,"lower_bound":1611189.644778689,"upper_bound":1632272.6730630386},"point_estimate":1620198.9348035916,"standard_error":5459.9065449184645},"Median":{"confidence_interval":{"confidence_level":0.95,"lower_bound":1601885.210199758,"upper_bound":1609776.3536184211},"point_estimate":1604338.6907051282,"standard_error":1797.5553545107755},"MedianAbsDev":{"confidence_interval":{"confidence_level":0.95,"lower_bound":7810.705617945962,"upper_bound":17562.179086548447},"point_estimate":12758.612498195233,"standard_error":2215.099787122578},"Slope":{"confidence_interval":{"confidence_level":0.95,"lower_bound":1604414.4973921585,"upper_bound":1612257.399772001},"point_estimate":1607952.8280597015,"standard_error":2012.7883255369813},"StdDev":{"confidence_interval":{"confidence_level":0.95,"lower_bound":19964.860730327255,"upper_bound":85365.30771334266},"point_estimate":54893.69218290517,"standard_error":18308.72638918851}}