{"Mean":{"confidence_interval":{"confidence_level":0.95,"lower_bound":1628383.4640304241,"upper_bound":1666724.8156071685},"point_estimate":1644153.7275358182,"standard_error":10000.259080246546},"Median":{"confidence_interval":{"confidence_level":0.95,"lower_bound":1617847.8333333333,"upper_bound":1622153.294117647},"point_estimate":1619773.0158730159,"standard_error":901.8413893595986},"MedianAbsDev":{"confidence_interval":{"confidence_level":0.95,"lower_bound":5927.846556300912,"upper_bound":13674.633188893413},"point_estimate":9273.583986351563,"standard_error":1968.8282449845578},"Slope":{"confidence_interval":{"confidence_level":0.95,"lower_bound":1627684.02537552,"upper_bound":1639024.9740993506},"point_estimate":1633206.1093157972,"standard_error":2891.2429163554293},"StdDev":{"confidence_interval":{"confidence_level":0.95,"lower_bound":22687.69546204674,"upper_bound":161932.82687732857},"point_estimate":100598.68421028397,"standard_error":38462.51891779648}}