{"Mean":{"confidence_interval":{"confidence_level":0.95,"lower_bound":1340405.9996835655,"upper_bound":1360428.5229203356},"point_estimate":1348452.4775009248,"standard_error":5256.739308401213},"Median":{"confidence_interval":{"confidence_level":0.95,"lower_bound":1337169.1590909092,"upper_bound":1341979.219512195},"point_estimate":1339900.6236413042,"standard_error":1207.9528635672145},"MedianAbsDev":{"confidence_interval":{"confidence_level":0.95,"lower_bound":7659.939088554478,"upper_bound":14027.192102941337},"point_estimate":10910.778929022268,"standard_error":1618.3234889757155},"Slope":{"confidence_interval":{"confidence_level":0.95,"lower_bound":1338655.783122161,"upper_bound":1344009.3694247394},"point_estimate":1341165.7663986995,"standard_error":1365.1269829345106},"StdDev":{"confidence_interval":{"confidence_level":0.95,"lower_bound":12227.244098735437,"upper_bound":85928.66451933193},"point_estimate":52864.81990014599,"standard_error":21619.83463025815}}