{"Mean":{"confidence_interval":{"confidence_level":0.95,"lower_bound":1312303.3592938643,"upper_bound":1320110.55919788},"point_estimate":1315701.4130700366,"standard_error":2020.5173086049715},"Median":{"confidence_interval":{"confidence_level":0.95,"lower_bound":1309186.9899942824,"upper_bound":1312283.3707317072},"point_estimate":1311231.2071179599,"standard_error":891.5324081667296},"MedianAbsDev":{"confidence_interval":{"confidence_level":0.95,"lower_bound":5114.948534910458,"upper_bound":9978.072910853645},"point_estimate":7464.987905557348,"standard_error":1327.6998778084635},"Slope":{"confidence_interval":{"confidence_level":0.95,"lower_bound":1313766.4297701088,"upper_bound":1320135.426572233},"point_estimate":1316789.6007773017,"standard_error":1631.773264984121},"StdDev":{"confidence_interval":{"confidence_level":0.95,"lower_bound":9391.62482714869,"upper_bound":31069.12586315002},"point_estimate":20353.14965315445,"standard_error":6427.047113724624}}