{"Mean":{"confidence_interval":{"confidence_level":0.95,"lower_bound":1609022.5511641114,"upper_bound":1628272.921740945},"point_estimate":1616139.9554317826,"standard_error":5419.0591593726895},"Median":{"confidence_interval":{"confidence_level":0.95,"lower_bound":1606206.107142857,"upper_bound":1609816.6021261348},"point_estimate":1607607.2272875286,"standard_error":1024.160191098252},"MedianAbsDev":{"confidence_interval":{"confidence_level":0.95,"lower_bound":5145.306949277616,"upper_bound":8811.747368928742},"point_estimate":6453.178246703382,"standard_error":953.6606741259703},"Slope":{"confidence_interval":{"confidence_level":0.95,"lower_bound":1609478.9565839295,"upper_bound":1616563.1943153192},"point_estimate":1612806.503118073,"standard_error":1819.2452805409673},"StdDev":{"confidence_interval":{"confidence_level":0.95,"lower_bound":9820.079490811413,"upper_bound":91757.40575519609},"point_estimate":54404.4039994527,"standard_error":28193.538493495824}}